variant,t,metric,mean,se,n,rho_cross,n_edges,n_components
no_adapt,0,mlpd,-0.7174411362112869,0.05239910398832005,10,0.6599663333003267,50495,1
no_adapt,5,mlpd,-0.7174411362112869,0.05239910398832005,10,0.6599663333003267,50495,1
no_adapt,10,mlpd,-0.6837571889665349,0.019998085677726308,8,0.6599663333003267,50495,1
no_adapt,20,mlpd,-0.7020340320050172,0.027561801013905877,5,0.6599663333003267,50495,1
no_adapt,final,mlpd,-0.7174411362112869,0.05239910398832005,10,0.6599663333003267,50495,1
no_calib,0,mlpd,-0.7093717379258644,0.058158575234656444,10,0.6599663333003267,50495,1
no_calib,5,mlpd,-0.677690165049482,0.054252066284780014,10,0.6599663333003267,50495,1
no_calib,10,mlpd,-0.6484877745640283,0.0495751333408927,8,0.6599663333003267,50495,1
no_calib,20,mlpd,-0.569899927752343,0.041514789009894665,5,0.6599663333003267,50495,1
no_calib,final,mlpd,-0.648085678598451,0.05653321113084785,10,0.6599663333003267,50495,1
no_item_item,0,mlpd,-0.7127759427499119,0.04941630974415702,10,0.6599663333003267,50495,1
no_item_item,5,mlpd,-0.6728395838069999,0.041509267788159554,10,0.6599663333003267,50495,1
no_item_item,10,mlpd,-0.6326086353351322,0.04254651402724485,8,0.6599663333003267,50495,1
no_item_item,20,mlpd,-0.552564206234051,0.035452033745763396,5,0.6599663333003267,50495,1
no_item_item,final,mlpd,-0.6415436682249739,0.05389044806521723,10,0.6599663333003267,50495,1
no_mix,0,mlpd,-0.7790374826365071,0.05303289500765307,10,0.6599663333003267,50495,1
no_mix,5,mlpd,-0.7348855546495063,0.04813204703104543,10,0.6599663333003267,50495,1
no_mix,10,mlpd,-0.6921153657926042,0.04243953921499377,8,0.6599663333003267,50495,1
no_mix,20,mlpd,-0.6147252331871644,0.01937184355436038,5,0.6599663333003267,50495,1
no_mix,final,mlpd,-0.6794639788855419,0.059032930872358204,10,0.6599663333003267,50495,1
oracle,5,mlpd,-0.549006176731827,nan,1,0.6817645491569292,52546,1
oracle,final,mlpd,-0.61361670960854,0.046085657808196095,10,0.6817645491569292,52546,1
vote_norm,0,mlpd,-0.7062893190426638,0.04351896560250786,10,0.6599663333003267,50495,1
vote_norm,5,mlpd,-0.6968294439452111,0.038705119537205894,10,0.6599663333003267,50495,1
vote_norm,10,mlpd,-0.6624088264003011,0.0172176909398403,8,0.6599663333003267,50495,1
vote_norm,20,mlpd,-0.6580015737080523,0.02984023085760703,5,0.6599663333003267,50495,1
vote_norm,final,mlpd,-0.6339407202729375,0.04264621256028202,10,0.6599663333003267,50495,1
vote_orig,0,mlpd,-0.7113903669496577,0.04794781574271319,10,0.6599663333003267,50495,1
vote_orig,5,mlpd,-0.7008250279504232,0.03766568310801977,10,0.6599663333003267,50495,1
vote_orig,10,mlpd,-0.6587248364701561,0.03429949974366938,8,0.6599663333003267,50495,1
vote_orig,20,mlpd,-0.6435948483168376,0.08091314233268385,5,0.6599663333003267,50495,1
vote_orig,final,mlpd,-0.6775487200449535,0.061307950537313236,10,0.6599663333003267,50495,1
