fold,feature,group,pip,mu_mean,mu_lo,mu_hi,between_sd,q,S,role
강신길,IMU_VerAccelVal__p2p,IMU_VerAccelVal,1.0,-0.680296481428625,-1.0228687770274418,-0.3934801453783469,0.4063067213884992,0.9422675589925575,0.6729605368719412,common
강신길,Bounce_rate_6D__impulse_abs,Bounce_rate_6D,1.0,0.48950662461863137,0.22134470526688063,0.8548691335349369,0.25498562034152267,0.9567510768977437,0.3387439713207422,common
강신길,IMU_VerAccelVal__vdv,IMU_VerAccelVal,0.994,0.13137091703916579,-0.18458121840514535,0.5364439419375502,0.40998508936239825,0.673760326013638,0.26520152426414906,specific
강신길,IMU_LongAccelVal__abs_peak,IMU_LongAccelVal,1.0,0.020369980797232182,-0.32885085209889664,0.4014816697208803,0.3613571684972932,0.6679773742537687,0.18010113545227152,specific
강신길,IMU_LongAccelVal__p2p,IMU_LongAccelVal,1.0,-0.3195183228758973,-0.5985514424381231,-0.1276418138130807,0.2216967030920195,0.9182591158645453,0.1776986364970401,common
강신길,Bounce_rate_6D__wrms_z_deriv,Bounce_rate_6D,0.6333333333333333,-0.13400120687867426,-0.5016129079054352,0.10494749299797157,0.22596918831262353,0.7751613097002618,0.15257326058293114,specific
강신길,Bounce_rate_6D__p2p_deriv,Bounce_rate_6D,1.0,-0.22636854525959627,-0.4767706439583062,-0.009596093433446494,0.26056887080758856,0.8046993871840168,0.142025476294634,specific
강신길,IMU_VerAccelVal__std,IMU_VerAccelVal,0.8826666666666667,-0.03961308905239434,-0.3618140419846297,0.3320766362364072,0.22536137936166306,0.7678231350329849,0.11049961835144438,specific
강신길,IMU_LongAccelVal__band_low,IMU_LongAccelVal,1.0,-0.18094279242426056,-0.38761469942850485,0.0019157249761080268,0.23986917479980321,0.767000135248405,0.10456896595029669,specific
강신길,IMU_LongAccelVal__std,IMU_LongAccelVal,0.9533333333333334,0.22966197569285035,0.0,0.5112345116863682,0.15040222970668118,0.8956047359975936,0.09934618653608043,specific
강신길,IMU_VerAccelVal__band_mid,IMU_VerAccelVal,0.904,-0.20313243851657523,-0.5252410332863252,-0.0,0.12703988804701039,0.9018286909359872,0.08364615745813003,common
강신길,IMU_VerAccelVal__mtvv,IMU_VerAccelVal,0.8033333333333333,-0.052883545760295365,-0.3501605096808289,0.20980123154597638,0.18843981768717485,0.7488869892867361,0.0776564776892507,specific
강신길,IMU_LongAccelVal__crest,IMU_LongAccelVal,0.9886666666666667,-0.012574022092323507,-0.19618647624326663,0.15901380694322897,0.2070424531497191,0.6442947580185907,0.05682515348741784,specific
강신길,Bounce_rate_6D__band_mid,Bounce_rate_6D,0.9293333333333333,0.05695606802898104,-0.10265229595446114,0.2208885762805804,0.18476322125897346,0.6821926407824136,0.05164465213997448,specific
강신길,IMU_VerAccelVal__impulse_abs,IMU_VerAccelVal,0.49533333333333335,-0.11359932507617308,-0.3707425152796351,-0.0,0.07314964588995167,0.8514567052741107,0.041593056933230205,inactive
강신길,IMU_VerAccelVal__p95_abs,IMU_VerAccelVal,0.42133333333333334,-0.0028141948070449637,-0.1753952211664966,0.1440587152449721,0.06893562167908475,0.677633597829805,0.018101245971183153,inactive
강신길,Bounce_rate_6D__crest,Bounce_rate_6D,0.388,0.02121870997368237,-0.06323890123602231,0.15591605874418477,0.051988815852508974,0.7622123425082566,0.011528751191037159,inactive
강신길,IMU_LongAccelVal__wrms_xy,IMU_LongAccelVal,0.3506666666666667,0.0009604993227419698,-0.10713622618545562,0.10637138177844013,0.04632319213357323,0.7650579016082372,0.009428351543219572,inactive
강신길,Pitch_rate_6D__p2p_deriv,Pitch_rate_6D,0.16866666666666666,-0.01991627062460859,-0.18545360950720927,-0.0,0.026359174256757684,0.789040634089171,0.008378821752076014,inactive
강신길,Pitch_rate_6D__abs_peak,Pitch_rate_6D,0.19733333333333333,-0.019426987755311723,-0.197156085288401,0.023272473571815895,0.026530264598164613,0.7576256434355335,0.00772782159243887,inactive
강신길,IMU_VerAccelVal__band_low,IMU_VerAccelVal,0.24333333333333335,0.016686560432233752,-0.098774820756875,0.186296021383565,0.024135644807167008,0.798789805316333,0.006700261176641008,inactive
강신길,IMU_VerAccelVal__abs_peak,IMU_VerAccelVal,0.23733333333333334,-0.00828457785670077,-0.15529155401156589,0.0869595365555379,0.026945861687152933,0.7566706112199364,0.0060704549767841886,inactive
강신길,Pitch_rate_6D__band_low,Pitch_rate_6D,0.13066666666666665,0.007996262842624752,0.0,0.1119372696943006,0.01733502112084674,0.7453975254437142,0.0038401471246564452,inactive
강신길,Pitch_rate_6D__wrms_rot,Pitch_rate_6D,0.12866666666666668,-0.010008601039974335,-0.138150337136302,-0.0,0.011540823725547522,0.7323586827672535,0.0025525563002130845,inactive
강신길,IMU_LatAccelVal__abs_peak,IMU_LatAccelVal,0.13733333333333334,-0.005076512785859945,-0.07823401683642128,0.0014354632324921383,0.012493014684753443,0.7395904892127237,0.001960497022460906,inactive
강신길,IMU_LatAccelVal__band_low,IMU_LatAccelVal,0.10733333333333334,0.0037751753134512784,-0.003415343749325942,0.05731235977691073,0.00945857647830555,0.8244702494552599,0.0015111954948563038,inactive
강신길,IMU_VerAccelVal__rms,IMU_VerAccelVal,0.028666666666666667,0.003913729562185027,0.0,0.08348746912970881,0.0029995355688468657,0.8727016160574814,0.0009205693894440752,inactive
강신길,Pitch_rate_6D__band_mid,Pitch_rate_6D,0.086,-0.0026427208166358326,-0.06306883378956533,0.004389827616990146,0.005679074022151497,0.8135440993289073,0.0007098577364203735,inactive
강신길,IMU_LatAccelVal__std,IMU_LatAccelVal,0.030666666666666665,0.00182826809779717,0.0,0.022271379214775587,0.003054117895165065,0.8530395386465064,0.000505764159830828,inactive
강신길,Bounce_rate_6D__band_low,Bounce_rate_6D,0.064,-0.0002960145206948262,-0.013070014561036437,0.009327352741843669,0.004278777716778278,0.7800223327658443,0.00043240179025388334,inactive
강신길,Bounce_rate_6D__p2p,Bounce_rate_6D,0.020666666666666667,-5.9095615669421914e-05,0.0,0.0,0.0013526044795262784,0.8612594363610415,0.00015449896619494278,inactive
강신길,Pitch_rate_6D__impulse_abs,Pitch_rate_6D,0.004,-0.0006697996381271611,0.0,0.0,0.0003112031367712516,0.7237030823073747,0.00013902441990270475,inactive
강신길,IMU_LatAccelVal__rms,IMU_LatAccelVal,0.015333333333333332,0.00014137946420934782,0.0,0.0,0.0010446745029337647,0.6796922833873565,0.00011300937945139908,inactive
강신길,IMU_LatAccelVal__p2p,IMU_LatAccelVal,0.01,-0.00011235296077504349,0.0,0.0,0.0005470616844897495,0.6443287228792538,4.396005088709492e-05,inactive
강신길,IMU_LatAccelVal__crest,IMU_LatAccelVal,0.0033333333333333335,-0.00018239269659109402,0.0,-0.0,0.00029110752210619457,0.7754301666567687,3.800943739180658e-05,inactive
강신길,IMU_LatAccelVal__band_mid,IMU_LatAccelVal,0.0006666666666666666,-1.0823313889852676e-05,0.0,-0.0,4.487864997001372e-05,0.8014742939951004,3.1968560200339355e-06,inactive
강신길,Pitch_rate_6D__crest,Pitch_rate_6D,0.0,0.0,0.0,0.0,0.0,0.6106066857348104,0.0,inactive
강신길,IMU_LongAccelVal__rms,IMU_LongAccelVal,0.0,0.0,0.0,-0.0,0.0,0.7214647749821836,0.0,inactive
강신길,IMU_LongAccelVal__band_mid,IMU_LongAccelVal,0.0,0.0,0.0,-0.0,0.0,0.7656341060630216,0.0,inactive
강신길,IMU_LatAccelVal__sigma_sd,IMU_LatAccelVal,0.0,0.0,0.0,-0.0,0.0,0.7508108019648647,0.0,inactive
김재호,IMU_VerAccelVal__vdv,IMU_VerAccelVal,1.0,-0.20831709616784683,-0.6285950229002603,0.25583143147617227,0.386374867693498,0.7433677566877944,0.26816138814003,specific
김재호,IMU_VerAccelVal__p2p,IMU_VerAccelVal,1.0,-0.44228886181799293,-0.7046882071121436,-0.2044348761184677,0.2222217497283039,0.9639078353921915,0.26532627016371285,common
김재호,IMU_VerAccelVal__abs_peak,IMU_VerAccelVal,1.0,-0.3358170673381383,-0.6034987424230178,-0.09725039492700795,0.2992971025824758,0.8621264669290135,0.22714783358442253,specific
김재호,Bounce_rate_6D__impulse_abs,Bounce_rate_6D,1.0,0.39522608128069137,0.16078879961518816,0.6765898945337999,0.20650785558135462,0.9586719006095762,0.2241150350759538,common
김재호,Pitch_rate_6D__wrms_rot,Pitch_rate_6D,0.8026666666666666,-0.17613651176810172,-0.5088394361217633,0.06917400530644863,0.3281221558847433,0.7560812385544333,0.22316703309215946,specific
김재호,Pitch_rate_6D__abs_peak,Pitch_rate_6D,0.9753333333333334,0.019718623638927915,-0.2220268113109987,0.3072397450389963,0.3690020566038799,0.6104548495795507,0.19029826513855352,specific
김재호,Pitch_rate_6D__impulse_abs,Pitch_rate_6D,0.952,0.2677302970334181,0.0,0.5826112865956617,0.20910632011041783,0.8623947143525803,0.1557071037940226,specific
김재호,IMU_VerAccelVal__mtvv,IMU_VerAccelVal,0.8433333333333334,0.08951251623406317,-0.17050670777260316,0.3735288361240515,0.25203956125416177,0.6870012295531354,0.11327227436156623,specific
김재호,IMU_LongAccelVal__band_low,IMU_LongAccelVal,1.0,-0.15565953337987734,-0.3438071943421065,0.015852569740854083,0.23798282407693433,0.74078194195702,0.09347011428348632,specific
김재호,Bounce_rate_6D__wrms_z_deriv,Bounce_rate_6D,0.8106666666666666,-0.12957444397754345,-0.42356258210412523,0.0664102459502197,0.18546774539555608,0.7599365368495914,0.08834825879668307,specific
김재호,IMU_VerAccelVal__std,IMU_VerAccelVal,0.77,-0.055370694696954464,-0.3439337415431198,0.23815901147058383,0.18936773482743033,0.78369531377942,0.08677463698848091,specific
김재호,IMU_LongAccelVal__p2p,IMU_LongAccelVal,0.652,-0.1379565794110675,-0.47953020401358615,0.04942118011031772,0.1076564848620177,0.794386100378258,0.06950843666467332,specific
김재호,Bounce_rate_6D__band_mid,Bounce_rate_6D,0.984,0.07044281970893743,-0.09605336122048974,0.2596623638393276,0.19392400016179825,0.679805345656774,0.05687308028660715,specific
김재호,IMU_VerAccelVal__band_mid,IMU_VerAccelVal,0.97,-0.17546700169493912,-0.38426599291447694,-0.0,0.11778679457204211,0.9052160821440042,0.05599782486335256,common
김재호,IMU_LongAccelVal__abs_peak,IMU_LongAccelVal,0.9726666666666667,0.04412482084440576,-0.17438163320196762,0.28930854553388824,0.18322145715378182,0.7028509527507151,0.054535590149506374,specific
김재호,IMU_LongAccelVal__crest,IMU_LongAccelVal,0.95,-0.11449987124764846,-0.2750379848049893,0.06314479378904127,0.15408224113565716,0.7855902168653931,0.049216786877633374,specific
김재호,Bounce_rate_6D__p2p_deriv,Bounce_rate_6D,0.5426666666666666,-0.11086242367014021,-0.42445164460499385,0.007680440622096701,0.08824450608228543,0.8211392698310966,0.04878747051517044,specific
김재호,Bounce_rate_6D__p2p,Bounce_rate_6D,0.44466666666666665,-0.11345023731782955,-0.4022259473995893,0.0,0.07206631616381837,0.9303036502854392,0.045816813715805246,inactive
김재호,IMU_LongAccelVal__std,IMU_LongAccelVal,0.264,0.07194136838000835,0.0,0.4440514604438224,0.051338189289650046,0.9105478263184268,0.03623064320511153,inactive
김재호,IMU_LongAccelVal__band_mid,IMU_LongAccelVal,0.7913333333333333,-0.010084858137657653,-0.17470293024274025,0.17145429091368247,0.1393960615354156,0.6550946501206361,0.03460339970675599,specific
김재호,IMU_VerAccelVal__p95_abs,IMU_VerAccelVal,0.558,0.04773962324006565,-0.12534752699919594,0.29580800176367184,0.08071774001875645,0.8174236818265355,0.0284449036623126,specific
김재호,IMU_VerAccelVal__band_low,IMU_VerAccelVal,0.564,0.10053022024521042,0.0,0.2945742721770497,0.05947394799320091,0.8557455602961672,0.027682169665807554,specific
김재호,IMU_LatAccelVal__p2p,IMU_LatAccelVal,0.25666666666666665,-0.05900830347647034,-0.365586927298862,-0.0,0.032753720175374916,0.83818653583427,0.022268632946201548,inactive
김재호,IMU_LatAccelVal__std,IMU_LatAccelVal,0.27466666666666667,0.05113030537790687,0.0,0.329185297327468,0.036313151311018414,0.7233872186529737,0.018679655836155915,inactive
김재호,IMU_VerAccelVal__rms,IMU_VerAccelVal,0.39466666666666667,-0.05917217948391048,-0.2674883185471791,-0.0,0.04110445069003008,0.789948496102454,0.01586321786266006,inactive
김재호,Bounce_rate_6D__crest,Bounce_rate_6D,0.5773333333333334,0.03469434531736703,-0.05941020457711198,0.2057325629826457,0.06497173620027227,0.7620532782945788,0.014803449859014037,specific
김재호,Pitch_rate_6D__band_mid,Pitch_rate_6D,0.222,0.018920401196847212,-0.0036772272077998766,0.16203941704048977,0.024908899043524006,0.7329472071234441,0.005870682663234507,inactive
김재호,Bounce_rate_6D__band_low,Bounce_rate_6D,0.37733333333333335,0.0034409143684065112,-0.10294050131772994,0.1417082796311308,0.03272260076832499,0.7659508780492724,0.005794736205835905,inactive
김재호,IMU_LongAccelVal__wrms_xy,IMU_LongAccelVal,0.174,-0.018218833651472414,-0.16194927132723222,-0.0,0.018506971115627383,0.7295295777303195,0.004687971358622889,inactive
김재호,Pitch_rate_6D__band_low,Pitch_rate_6D,0.192,0.012516460442893675,-0.021362051662672663,0.1354575186591534,0.02009472475916144,0.7098544908799145,0.0041476761990298875,inactive
김재호,IMU_LongAccelVal__rms,IMU_LongAccelVal,0.26466666666666666,-0.0018308490632538033,-0.07279904463504207,0.06162778407019384,0.02442674628586108,0.6994923879747276,0.003358175780862706,inactive
김재호,IMU_LatAccelVal__band_low,IMU_LatAccelVal,0.21333333333333335,0.0006800614445700933,-0.07269793397727045,0.0776279022444583,0.020304619621853356,0.7332348186322463,0.003173081424425653,inactive
김재호,IMU_LatAccelVal__rms,IMU_LatAccelVal,0.13133333333333333,0.0004064930541688985,-0.05751792240570729,0.07545446020283644,0.011908587061578846,0.817431837462199,0.0020907191127636626,inactive
김재호,IMU_LatAccelVal__band_mid,IMU_LatAccelVal,0.12733333333333333,0.007207770334117909,0.0,0.1166303634946342,0.008919615730074996,0.8238701484595945,0.0015878173692558928,inactive
김재호,IMU_LatAccelVal__abs_peak,IMU_LatAccelVal,0.08266666666666667,-0.0039640564052390035,-0.09594970892272109,0.0,0.007375233330470537,0.8892596367555456,0.001518166489451641,inactive
김재호,Pitch_rate_6D__crest,Pitch_rate_6D,0.122,0.00614502895070457,0.0,0.09547385081628224,0.008559392528333508,0.8566258801959564,0.0013253990713688727,inactive
김재호,IMU_LatAccelVal__crest,IMU_LatAccelVal,0.10933333333333334,0.004552571422008675,0.0,0.07388088541054426,0.006816292463435008,0.7889513797990395,0.0008936709235069283,inactive
김재호,Pitch_rate_6D__p2p_deriv,Pitch_rate_6D,0.04,0.001422983739424385,0.0,0.021525502486101245,0.0031907096669317255,0.679358505543062,0.00039364713565109404,inactive
김재호,IMU_LatAccelVal__sigma_sd,IMU_LatAccelVal,0.018666666666666668,0.0016907763365371445,0.0,0.0,0.001393221779017686,0.7395302391531118,0.0002915953026748183,inactive
김재호,IMU_VerAccelVal__impulse_abs,IMU_VerAccelVal,0.03133333333333333,-0.0005504986876295487,0.0,-0.0,0.002099469985700598,0.7568094804686706,0.0002326370053107033,inactive
김진명,Bounce_rate_6D__impulse_abs,Bounce_rate_6D,1.0,0.6056796222811459,0.3286938532030718,1.0018976951477456,0.3182726231937927,0.9561351054062787,0.5080619633729951,common
김진명,IMU_VerAccelVal__p2p,IMU_VerAccelVal,0.91,-0.45036491302578757,-0.9326316190527283,-0.0,0.2488252976155638,0.9005548400781443,0.3442792242734599,common
김진명,IMU_VerAccelVal__abs_peak,IMU_VerAccelVal,0.9633333333333334,-0.30898089505712034,-0.6084082286941204,-0.0,0.3104455451663887,0.840047927624968,0.23177124178640526,specific
김진명,Bounce_rate_6D__wrms_z_deriv,Bounce_rate_6D,0.978,-0.20653458316856593,-0.5878891602576652,0.05242731606842859,0.29061505972767,0.7517897971132624,0.19022921988527314,specific
김진명,Bounce_rate_6D__p2p,Bounce_rate_6D,0.692,-0.23240865197142788,-0.6730712770955255,-0.0,0.14570422258000398,0.9327423935944236,0.13630498305057992,common
김진명,IMU_LongAccelVal__wrms_xy,IMU_LongAccelVal,0.998,-0.15727589590261432,-0.3873400724180241,0.06839680771714274,0.2625366483879464,0.7407231882747881,0.11596182404593121,specific
김진명,IMU_LongAccelVal__std,IMU_LongAccelVal,1.0,0.17144900433294985,-0.038876677436610475,0.35358177237138827,0.24397803841537574,0.7737814781308486,0.10780594479479914,specific
김진명,Pitch_rate_6D__p2p_deriv,Pitch_rate_6D,0.786,-0.18157163614075875,-0.47323798551816915,-0.0,0.1285232071725753,0.8795715564039703,0.07862572674408426,specific
김진명,IMU_LongAccelVal__band_low,IMU_LongAccelVal,0.9993333333333333,-0.20345771330606788,-0.3503634100630519,-0.06601214900345496,0.16464650748043877,0.8773887500213582,0.07611728768780264,specific
김진명,IMU_VerAccelVal__std,IMU_VerAccelVal,0.6733333333333333,-0.1429183284061615,-0.4194379814388448,-0.0,0.1375420672814438,0.8154808475911359,0.07041251306377518,specific
김진명,IMU_LongAccelVal__rms,IMU_LongAccelVal,0.9093333333333333,-0.0052879725497242515,-0.1656944060690878,0.17196032999743205,0.19337272804423328,0.6429177510728058,0.05453660242899041,specific
김진명,IMU_LatAccelVal__p2p,IMU_LatAccelVal,0.42733333333333334,-0.11977935669336838,-0.4560644308065856,-0.0,0.07219376098649648,0.8604025328999538,0.053909008354235476,inactive
김진명,IMU_LatAccelVal__std,IMU_LatAccelVal,0.5173333333333333,0.11699631985323374,-0.03906520649159406,0.49142234581862987,0.07454993688686719,0.7836007009602778,0.052460932504425684,specific
김진명,IMU_VerAccelVal__band_mid,IMU_VerAccelVal,0.44,-0.11587866504897895,-0.42359255463519263,0.0,0.07583988005870337,0.7871292183716011,0.05006525014016277,inactive
김진명,Pitch_rate_6D__impulse_abs,Pitch_rate_6D,0.7286666666666667,0.10661577047856292,-0.030183275185070354,0.3540791306597761,0.10085084249778793,0.7888552764341124,0.040473123889973,specific
김진명,IMU_VerAccelVal__rms,IMU_VerAccelVal,0.7226666666666667,-0.07764917497679287,-0.24702184737671823,0.039147234027650024,0.11312556415104238,0.771939449308333,0.03300762202910486,specific
김진명,IMU_LongAccelVal__crest,IMU_LongAccelVal,0.45866666666666667,-0.04451253987490827,-0.2374654960539635,0.0401087380596517,0.05721378171306863,0.7480259102102312,0.016166999573164042,inactive
김진명,Pitch_rate_6D__crest,Pitch_rate_6D,0.5033333333333333,0.031586678282732955,-0.0458535517165148,0.19679377627732733,0.06294601856962259,0.7430621619322089,0.01361146734577892,specific
김진명,IMU_VerAccelVal__impulse_abs,IMU_VerAccelVal,0.404,-0.03925097015805636,-0.19705724320966336,0.0,0.04645323757653995,0.7407792362312408,0.011408378764703566,inactive
김진명,IMU_VerAccelVal__vdv,IMU_VerAccelVal,0.25,0.01633059885869855,-0.07104460379957425,0.19062340607855205,0.03774780552505305,0.7502730036630223,0.010418253287876603,inactive
김진명,Pitch_rate_6D__abs_peak,Pitch_rate_6D,0.20866666666666667,0.017915083115414607,-0.05203963940528983,0.2024460173561885,0.028079677903697378,0.7215970299760867,0.008167278838376391,inactive
김진명,Bounce_rate_6D__crest,Bounce_rate_6D,0.2846666666666667,0.02562585001330885,0.0,0.17498399770806852,0.03129018136445182,0.7677956783979702,0.0072708201498375815,inactive
김진명,Pitch_rate_6D__band_mid,Pitch_rate_6D,0.36333333333333334,0.01651528500265947,-0.03685418207778657,0.14648726102396553,0.03423234187509885,0.7826692198524813,0.005921379070551415,inactive
김진명,IMU_LatAccelVal__abs_peak,IMU_LatAccelVal,0.166,-0.0026104745919318995,-0.07835341754117718,0.03919541295324836,0.017449815823460557,0.7924591888404525,0.002979499806774343,inactive
김진명,Bounce_rate_6D__band_low,Bounce_rate_6D,0.166,0.007832962391518913,-0.02011362612543657,0.11830381406055714,0.015929382823909283,0.6962005914509994,0.0027828729181264937,inactive
김진명,IMU_VerAccelVal__p95_abs,IMU_VerAccelVal,0.078,0.001768932280327528,-0.03891920945679449,0.06658280721095135,0.006805723486199397,0.8160369489271525,0.0013407409590442496,inactive
김진명,IMU_VerAccelVal__mtvv,IMU_VerAccelVal,0.010666666666666666,-0.0013014791628748784,0.0,-0.0,0.0012267703612514227,0.9332285746219051,0.00032267158830249495,inactive
김진명,Bounce_rate_6D__p2p_deriv,Bounce_rate_6D,0.010666666666666666,0.0008706205814705736,0.0,0.0,0.0006814108579005363,0.74023552921522,0.00012497426685575743,inactive
김진명,IMU_LatAccelVal__sigma_sd,IMU_LatAccelVal,0.0013333333333333333,9.127670397438843e-06,0.0,0.0,0.0002013174999475571,0.8634512231034744,3.8964963681527726e-05,inactive
김진명,IMU_LatAccelVal__rms,IMU_LatAccelVal,0.008,0.00017517553937944106,0.0,0.0,0.0004502337053608431,0.7399163874725905,3.33790150874435e-05,inactive
김진명,IMU_LatAccelVal__band_mid,IMU_LatAccelVal,0.0006666666666666666,-6.659636435983894e-05,0.0,-0.0,3.9054519208646125e-05,0.8322911822864395,8.940496824850406e-06,inactive
김진명,Pitch_rate_6D__wrms_rot,Pitch_rate_6D,0.0,0.0,0.0,-0.0,0.0,0.8871633321543492,0.0,inactive
김진명,Pitch_rate_6D__band_low,Pitch_rate_6D,0.0,0.0,0.0,0.0,0.0,0.9203619225278018,0.0,inactive
김진명,Bounce_rate_6D__band_mid,Bounce_rate_6D,0.0,0.0,0.0,-0.0,0.0,0.7859166941018737,0.0,inactive
김진명,IMU_VerAccelVal__band_low,IMU_VerAccelVal,0.0,0.0,0.0,-0.0,0.0,0.8509875214024316,0.0,inactive
김진명,IMU_LongAccelVal__p2p,IMU_LongAccelVal,0.0,0.0,0.0,0.0,0.0,0.8193713783759609,0.0,inactive
김진명,IMU_LongAccelVal__abs_peak,IMU_LongAccelVal,0.0,0.0,0.0,0.0,0.0,0.9371655203866853,0.0,inactive
김진명,IMU_LongAccelVal__band_mid,IMU_LongAccelVal,0.0,0.0,0.0,-0.0,0.0,0.8912100999072151,0.0,inactive
김진명,IMU_LatAccelVal__crest,IMU_LatAccelVal,0.0,0.0,0.0,-0.0,0.0,0.8338660180146289,0.0,inactive
김진명,IMU_LatAccelVal__band_low,IMU_LatAccelVal,0.0,0.0,0.0,0.0,0.0,0.8090910236370585,0.0,inactive
김태근,IMU_VerAccelVal__p2p,IMU_VerAccelVal,1.0,-0.683285947493337,-1.018647380693528,-0.43557873938463504,0.30585767368185174,0.9780447155830222,0.5899268150181768,common
김태근,Bounce_rate_6D__impulse_abs,Bounce_rate_6D,1.0,0.5916126868978352,0.29674177448843253,0.8958816381366368,0.2696948411093589,0.9750481898554193,0.4533298478664334,common
김태근,IMU_LongAccelVal__std,IMU_LongAccelVal,1.0,0.458981830234752,0.18002921548570822,0.754644749728738,0.2746338185819003,0.9332693462544859,0.3162384945360492,common
김태근,IMU_VerAccelVal__p95_abs,IMU_VerAccelVal,1.0,-0.2729621532299324,-0.5520177871973969,-0.046396891240333284,0.3199606402179614,0.8010468097380059,0.2087090493955078,specific
김태근,IMU_VerAccelVal__std,IMU_VerAccelVal,0.9113333333333333,0.0470439417497963,-0.29256145343361417,0.32375353691236725,0.3653723379284091,0.6564059178539172,0.202109299585399,specific
김태근,Pitch_rate_6D__abs_peak,Pitch_rate_6D,0.998,0.18108551267470427,-0.1064881714781111,0.4633334583010301,0.3214388364266615,0.723247898463692,0.17117453561706203,specific
김태근,IMU_VerAccelVal__band_low,IMU_VerAccelVal,0.992,0.3060389691220765,0.0,0.5574744972402611,0.19161568133079793,0.9168122421724197,0.15683286656607096,common
김태근,IMU_LongAccelVal__p2p,IMU_LongAccelVal,1.0,-0.310555171229684,-0.5720349745158058,-0.13019036931680258,0.18207781370784512,0.9402651398346054,0.1502840383245078,common
김태근,Bounce_rate_6D__rms_deriv,Bounce_rate_6D,0.7466666666666667,-0.23341091856216709,-0.6777352218420428,-0.0,0.11804050650258822,0.9334454029298401,0.12069213802652555,common
김태근,IMU_VerAccelVal__abs_peak,IMU_VerAccelVal,0.93,-0.2711857704001006,-0.48177179418701926,-0.0,0.15389346300024773,0.9236646607024402,0.1169797276127224,common
김태근,Bounce_rate_6D__band_mid,Bounce_rate_6D,1.0,0.15728844582054202,-0.025058591095255364,0.3504745071580725,0.2606118900434003,0.7317340643990956,0.10797631696768827,specific
김태근,IMU_LongAccelVal__wrms_xy,IMU_LongAccelVal,0.9686666666666667,-0.19339584913119737,-0.42891318569408315,0.03587080743348863,0.17241712815784946,0.8450445528976305,0.090396499010145,specific
김태근,IMU_VerAccelVal__band_mid,IMU_VerAccelVal,0.9906666666666667,-0.24131305951842172,-0.406646734897636,-0.07699650773809324,0.1354759259538367,0.9450286974021858,0.08613095120832474,common
김태근,IMU_LongAccelVal__band_low,IMU_LongAccelVal,1.0,-0.19794443827167454,-0.35469982965963126,-0.054636245729249654,0.1786595779411695,0.8574038440293265,0.08115511328616588,specific
김태근,IMU_LongAccelVal__rms,IMU_LongAccelVal,0.94,0.011485508050757083,-0.14354948741961363,0.17954462478095448,0.18221819564786274,0.6366050821811817,0.04739804284361128,specific
김태근,Pitch_rate_6D__p2p_deriv,Pitch_rate_6D,0.6213333333333333,-0.10435619825467343,-0.4049087135152057,0.08268802150747537,0.08931562746407852,0.7782962840424752,0.044716998518913365,specific
김태근,IMU_VerAccelVal__vdv,IMU_VerAccelVal,0.3433333333333333,-0.058039151904975404,-0.3206220277883518,0.002463455204563788,0.07075064972812131,0.7057963247718868,0.03032347593965472,inactive
김태근,Bounce_rate_6D__wrms_z_deriv,Bounce_rate_6D,0.40066666666666667,-0.009957832718698163,-0.21545758511666863,0.16742632477944067,0.08445155543355186,0.8268634034137265,0.028316757608198177,inactive
김태근,Pitch_rate_6D__wrms_rot,Pitch_rate_6D,0.5326666666666666,-0.04458318392079839,-0.25168611824700593,0.07833872272083464,0.07829258070898895,0.7642153132053966,0.024448429060524086,specific
김태근,Bounce_rate_6D__p2p,Bounce_rate_6D,0.2926666666666667,-0.05532118588689993,-0.30805766410485885,-0.0,0.04260839462589324,0.877355705715193,0.020084016548329708,inactive
김태근,IMU_LongAccelVal__crest,IMU_LongAccelVal,0.5693333333333334,-0.020205978453284913,-0.13596702609699696,0.09468790656650676,0.08898616716609203,0.6577979553768468,0.0192168541353742,specific
김태근,Bounce_rate_6D__band_low,Bounce_rate_6D,0.3953333333333333,-0.03825582731136641,-0.1887226505696962,-0.0,0.05519255007008687,0.8073876330021139,0.013770806763855604,inactive
김태근,IMU_LatAccelVal__sigma_sd,IMU_LatAccelVal,0.208,-0.023452527987890808,-0.24963172220259994,0.09560827678888782,0.029747147906668204,0.7339092744307183,0.011845497258095314,inactive
김태근,Bounce_rate_6D__crest,Bounce_rate_6D,0.49733333333333335,0.029860039307027384,-0.01125184189360684,0.14153250998732186,0.05797055822501366,0.752843355997493,0.010838858468448566,inactive
김태근,IMU_LatAccelVal__abs_peak,IMU_LatAccelVal,0.402,-0.0011331877886573795,-0.09822048282558696,0.08462031143362476,0.052946023617711745,0.6685618046069269,0.010483631607953441,inactive
김태근,IMU_LatAccelVal__p2p,IMU_LatAccelVal,0.27466666666666667,0.015472778879238536,-0.05348916705233435,0.16352067918053412,0.03899935344148676,0.7532018251756575,0.010185137315606689,inactive
김태근,Pitch_rate_6D__band_low,Pitch_rate_6D,0.37266666666666665,0.006137178396056963,-0.08186208647130604,0.11536662141256768,0.0511186082405383,0.8463106990744524,0.009650610409304787,inactive
김태근,Bounce_rate_6D__p2p_deriv,Bounce_rate_6D,0.10066666666666667,-0.009842314151227003,-0.15015315016276423,0.0,0.015685220244369663,0.861619628286846,0.004611472588814635,inactive
김태근,IMU_LatAccelVal__std,IMU_LatAccelVal,0.11666666666666667,-0.005898122127880221,-0.1088498437513426,0.0,0.01940989484632156,0.6558072285299338,0.004446213517198857,inactive
김태근,IMU_VerAccelVal__mtvv,IMU_VerAccelVal,0.176,-0.018279269966238222,-0.17289746410803736,0.0,0.01617201680267906,0.7619271497148596,0.004290862618802662,inactive
김태근,Pitch_rate_6D__crest,Pitch_rate_6D,0.16066666666666668,-0.010817016468380904,-0.11627217711338744,-0.0,0.01090998557967866,0.7277912694364747,0.001971041826633732,inactive
김태근,Pitch_rate_6D__impulse_abs,Pitch_rate_6D,0.023333333333333334,0.004191662131798642,0.0,0.0,0.002803236422975326,0.921153126150036,0.0011570811427671242,inactive
김태근,IMU_VerAccelVal__impulse_abs,IMU_VerAccelVal,0.082,-0.0031308256486746408,-0.07948489383890468,0.0,0.005299363455486202,0.8424250924356885,0.0008092460973708581,inactive
김태근,IMU_LatAccelVal__rms,IMU_LatAccelVal,0.006666666666666667,0.0005211610654399086,0.0,0.0,0.0007199933661853561,0.9071843556545286,0.0002808876515223826,inactive
김태근,IMU_VerAccelVal__rms,IMU_VerAccelVal,0.0026666666666666666,0.00023685900455386525,0.0,0.0,0.00025348719624064574,0.8654530786216251,6.116233176229398e-05,inactive
김태근,Pitch_rate_6D__band_mid,Pitch_rate_6D,0.0,0.0,0.0,0.0,0.0,0.8227055936507605,0.0,inactive
김태근,IMU_LongAccelVal__abs_peak,IMU_LongAccelVal,0.0,0.0,0.0,0.0,0.0,0.6729540383408275,0.0,inactive
김태근,IMU_LongAccelVal__band_mid,IMU_LongAccelVal,0.0,0.0,0.0,0.0,0.0,0.8484307126244345,0.0,inactive
김태근,IMU_LatAccelVal__crest,IMU_LatAccelVal,0.0,0.0,0.0,-0.0,0.0,0.6627309796769842,0.0,inactive
김태근,IMU_LatAccelVal__band_low,IMU_LatAccelVal,0.0,0.0,0.0,-0.0,0.0,0.9367181031623619,0.0,inactive
김태근,IMU_LatAccelVal__band_mid,IMU_LatAccelVal,0.0,0.0,0.0,0.0,0.0,0.8650357052826013,0.0,inactive
박재일,IMU_VerAccelVal__p2p,IMU_VerAccelVal,1.0,-0.5521870349145677,-0.8932624662354519,-0.3100683849677008,0.27004888641525204,0.9680162059834968,0.40878750104986117,common
박재일,Bounce_rate_6D__impulse_abs,Bounce_rate_6D,1.0,0.5084241076819401,0.27971704233915934,0.8092323128977882,0.25272276578162767,0.9673342259818405,0.3506763626175895,common
박재일,IMU_VerAccelVal__abs_peak,IMU_VerAccelVal,0.9946666666666667,-0.1680566083149688,-0.43062331786149927,0.08942851780965436,0.3119092072808206,0.7205273839053871,0.1551368371988372,specific
박재일,IMU_LongAccelVal__rms,IMU_LongAccelVal,0.8746666666666667,0.2187413268258856,0.0,0.5792234127187978,0.19964442467667762,0.8391574791311286,0.12415920208952803,specific
박재일,Bounce_rate_6D__wrms_z_deriv,Bounce_rate_6D,0.742,-0.1680172727581746,-0.5891052779824354,0.09308066327304704,0.17961257679415188,0.8481164905026454,0.11327062984529934,specific
박재일,Bounce_rate_6D__band_mid,Bounce_rate_6D,0.9893333333333333,0.11403647692403661,-0.153632506807698,0.377881864527246,0.2637960453442149,0.6978495532638238,0.11117015208945112,specific
박재일,IMU_VerAccelVal__std,IMU_VerAccelVal,0.454,-0.10539518186866927,-0.6576647941755502,0.15636076178826316,0.11564932933503913,0.7726020588320665,0.10079221202366984,inactive
박재일,IMU_VerAccelVal__band_mid,IMU_VerAccelVal,0.902,-0.20843378466404136,-0.43013657499330543,-0.0,0.13219529375740396,0.8987574366537678,0.0824843857498832,specific
박재일,Bounce_rate_6D__p2p,Bounce_rate_6D,0.42933333333333334,-0.10899582938105787,-0.5469244172306799,0.0,0.08495590765562475,0.8023719528314874,0.05822614232426405,inactive
박재일,Pitch_rate_6D__p95_abs,Pitch_rate_6D,0.49866666666666665,-0.1375439823774593,-0.4226376235884925,0.0,0.08669149405548653,0.8579497233720146,0.057995454375250936,inactive
박재일,IMU_LongAccelVal__band_low,IMU_LongAccelVal,0.9893333333333333,-0.14763872842873932,-0.2970130779657575,-0.0160198093546083,0.14596909963538093,0.8357124662689572,0.05109312843856364,specific
박재일,IMU_LongAccelVal__abs_peak,IMU_LongAccelVal,0.7286666666666667,-0.12723274514459207,-0.4330691734900964,0.0575164993901352,0.09576181507802192,0.8614660614535657,0.05080990562863071,specific
박재일,IMU_VerAccelVal__band_low,IMU_VerAccelVal,0.5266666666666666,0.07670353230531243,-0.02984852621198896,0.36146231919693045,0.1047915804572152,0.7532490295924889,0.0454311826469235,specific
박재일,Pitch_rate_6D__p2p_deriv,Pitch_rate_6D,0.506,-0.019894077565565202,-0.23256759598303392,0.23170654452067824,0.0980154017051249,0.7315503471264367,0.03382121627197638,specific
박재일,IMU_VerAccelVal__p95_abs,IMU_VerAccelVal,0.5306666666666666,-0.05994835555507889,-0.2536203290547616,0.05100330840356122,0.08369715936069351,0.7650161789760379,0.026821062456666007,specific
박재일,Pitch_rate_6D__crest,Pitch_rate_6D,0.38533333333333336,-0.06119376831073301,-0.27268327277018967,-0.0,0.04005635043926879,0.9001402825774667,0.016605714235080813,inactive
박재일,IMU_LongAccelVal__crest,IMU_LongAccelVal,0.146,-0.03245205708886706,-0.301712977436949,-0.0,0.027247936115569374,0.7423643926658962,0.013779409382993336,inactive
박재일,Pitch_rate_6D__band_low,Pitch_rate_6D,0.31133333333333335,0.029012539804603568,-0.06751102773267374,0.20432296510605336,0.04379863591339328,0.7726925865209967,0.01265591094928575,inactive
박재일,Pitch_rate_6D__abs_peak,Pitch_rate_6D,0.342,0.0014961990141517062,-0.09989275226349822,0.13483521151441646,0.04221904486741241,0.7311148468116332,0.009021209705832587,inactive
박재일,Bounce_rate_6D__p2p_deriv,Bounce_rate_6D,0.26,-0.024159898496510523,-0.19971300020356128,0.017028348192129148,0.03144559123963703,0.8112889676563192,0.008572151992296904,inactive
박재일,IMU_LatAccelVal__band_low,IMU_LatAccelVal,0.19466666666666665,0.018894138069997554,0.0,0.17930517563248077,0.026658535509756356,0.8157430049873375,0.007094032189119321,inactive
박재일,IMU_LatAccelVal__sigma_sd,IMU_LatAccelVal,0.3273333333333333,-0.003985021754953218,-0.12108479751657249,0.08072408424542261,0.03801361415323547,0.7321484326446999,0.007016982216141505,inactive
박재일,IMU_LongAccelVal__std,IMU_LongAccelVal,0.24733333333333332,0.018212311919163015,-0.013532021204364674,0.19813557684633665,0.02684604635362954,0.7499489630325391,0.006956381997535222,inactive
박재일,Bounce_rate_6D__rms_deriv,Bounce_rate_6D,0.16266666666666665,-0.019019113207179694,-0.16817750193253167,0.0,0.020895230920297367,0.7291646670728502,0.006040519846182335,inactive
박재일,Bounce_rate_6D__band_low,Bounce_rate_6D,0.17333333333333334,0.0008127671975585485,-0.06052219132927369,0.0774714301048253,0.025923622578058737,0.7512242040713415,0.005155005046935705,inactive
박재일,Pitch_rate_6D__wrms_rot,Pitch_rate_6D,0.16333333333333333,0.012937664545719646,-0.01921105030909784,0.19093301881699054,0.016678074800134186,0.7229412753855049,0.004585668092035946,inactive
박재일,IMU_LongAccelVal__sigma_sd,IMU_LongAccelVal,0.15333333333333332,-0.010106424915845003,-0.16524271197515916,0.02010739217017727,0.015423774796548963,0.7585658300832056,0.0037613333741959108,inactive
박재일,IMU_VerAccelVal__rms,IMU_VerAccelVal,0.15733333333333333,-0.013419967298835992,-0.14996773610957867,-0.0,0.01485836972971068,0.8402047238938539,0.0033080022189071467,inactive
박재일,IMU_LatAccelVal__p2p,IMU_LatAccelVal,0.15333333333333332,0.010767499898248168,0.0,0.12280921885937976,0.015360923748942622,0.7395709130830913,0.0032429656676996265,inactive
박재일,IMU_LatAccelVal__abs_peak,IMU_LatAccelVal,0.14466666666666667,0.004245569582727218,-0.03457315134124055,0.09401690642139955,0.014464980723371525,0.8170026475645773,0.0026477434372453048,inactive
박재일,IMU_VerAccelVal__vdv,IMU_VerAccelVal,0.054,-0.0037003502211419587,-0.06114638628184245,-0.0,0.007893405475390252,0.765210786362994,0.002381480444557788,inactive
박재일,IMU_VerAccelVal__impulse_abs,IMU_VerAccelVal,0.11,0.0030025197020868695,-0.04236617663359219,0.0938756172128856,0.009631946563217255,0.7569606167633657,0.0019184679871279261,inactive
박재일,Pitch_rate_6D__band_mid,Pitch_rate_6D,0.108,0.006650040591713373,-0.006634011788151643,0.1346212647195201,0.00824260333729898,0.7975517219629275,0.001895886771825589,inactive
박재일,Pitch_rate_6D__impulse_abs,Pitch_rate_6D,0.08,0.004249473312920595,0.0,0.08461027750041834,0.007199371659042568,0.7816829747262023,0.0013833582227800773,inactive
박재일,IMU_LongAccelVal__p2p,IMU_LongAccelVal,0.09466666666666666,-0.0007058938873615333,-0.03594940289323086,0.02659733418588516,0.007689384438637497,0.8038712735103908,0.0009649545763843722,inactive
박재일,IMU_LongAccelVal__band_mid,IMU_LongAccelVal,0.03266666666666666,-0.0024045664519800423,-0.047330037600438864,-0.0,0.0034672762664321468,0.7284199359013025,0.0006669240852046634,inactive
박재일,IMU_LatAccelVal__std,IMU_LatAccelVal,0.006,-0.0006737410626651997,0.0,-0.0,0.0007845123764220074,0.7265923471833917,0.00019126777288347262,inactive
박재일,IMU_LatAccelVal__band_mid,IMU_LatAccelVal,0.010666666666666666,0.0007432363472754564,0.0,0.0,0.000852226006177207,0.7570588379162373,0.00016355319832514793,inactive
박재일,IMU_LatAccelVal__crest,IMU_LatAccelVal,0.017333333333333333,0.0007365929913553888,0.0,-0.0,0.0012427810996066243,0.6998971413109658,0.00014695113340436463,inactive
박재일,IMU_VerAccelVal__mtvv,IMU_VerAccelVal,0.006,0.0005996839970522419,0.0,0.0,0.00039417446353985414,0.7781666716736989,0.00010178591666707249,inactive
박재일,IMU_LatAccelVal__rms,IMU_LatAccelVal,0.002,-0.00019080483916166738,0.0,-0.0,0.00020566813577961696,0.7625671469119041,4.124182365871502e-05,inactive
박재일,Bounce_rate_6D__crest,Bounce_rate_6D,0.0,0.0,0.0,0.0,0.0,0.692183281981453,0.0,inactive
신민철,IMU_VerAccelVal__p2p,IMU_VerAccelVal,1.0,-0.4944359668803543,-0.812057534938395,-0.14257151419535505,0.2935279232628186,0.9367860980466377,0.37281784268960755,common
신민철,Bounce_rate_6D__impulse_abs,Bounce_rate_6D,1.0,0.4405738608766774,0.1842729668337535,0.7300131495431279,0.25585334091321627,0.9392030998217131,0.2867994676413209,common
신민철,IMU_LongAccelVal__p2p,IMU_LongAccelVal,1.0,-0.4082903661152899,-0.6705466201302667,-0.17852177127509156,0.25571092264359646,0.9308389976406807,0.2590595223348711,common
신민철,IMU_VerAccelVal__std,IMU_VerAccelVal,1.0,-0.32551320543980483,-0.7005993366479456,-0.02037582652102638,0.33244157185324913,0.8171738293236396,0.2559167044285147,specific
신민철,Bounce_rate_6D__p2p_deriv,Bounce_rate_6D,1.0,-0.39038338015119767,-0.6421438206743257,-0.16451602884306604,0.21585473336540387,0.9514276200169529,0.22128158907966475,common
신민철,IMU_LongAccelVal__std,IMU_LongAccelVal,1.0,0.34117416588127525,0.11362341080587748,0.616889839445629,0.21238259490305295,0.928770349804864,0.1839518973163603,common
신민철,IMU_LongAccelVal__band_low,IMU_LongAccelVal,1.0,-0.19340723802069695,-0.35869932809483046,-0.010766287376827085,0.24142000467273952,0.7863743283858765,0.10718921005022498,specific
신민철,IMU_VerAccelVal__band_low,IMU_VerAccelVal,0.998,0.24965345332563238,0.1005424458964006,0.4489578089870276,0.15728052229003578,0.931984522022707,0.0997591625575494,common
신민철,IMU_LongAccelVal__abs_peak,IMU_LongAccelVal,1.0,0.016110754732015873,-0.18716912208653425,0.22692721413918346,0.2353231598498616,0.6458274045876515,0.07246642056837382,specific
신민철,IMU_LongAccelVal__band_mid,IMU_LongAccelVal,0.9653333333333334,0.03862012820049269,-0.13398189754449666,0.21274107259914135,0.20697248991159237,0.649848988431453,0.05897537236902788,specific
신민철,Bounce_rate_6D__band_mid,Bounce_rate_6D,0.9973333333333333,0.03205659044819016,-0.14812187920179218,0.20300653064888588,0.19088379353331492,0.6579926353290221,0.04957639888051772,specific
신민철,Pitch_rate_6D__abs_peak,Pitch_rate_6D,0.706,0.029228498496099216,-0.16591808400373068,0.25418607630285955,0.11656525409293317,0.7620202400433438,0.03906427419174022,specific
신민철,IMU_VerAccelVal__band_mid,IMU_VerAccelVal,0.4493333333333333,-0.09954876699832074,-0.4043347203249429,-0.0,0.059879714392768194,0.7906590465605171,0.03778253291564396,inactive
신민철,IMU_VerAccelVal__rms,IMU_VerAccelVal,0.8553333333333333,-0.08988012850809556,-0.240049525136194,0.05569413338465562,0.11827040234205878,0.7739913047203442,0.03313989934405914,specific
신민철,IMU_VerAccelVal__p95_abs,IMU_VerAccelVal,0.44333333333333336,0.006388719681607668,-0.1318216326798738,0.19441104346524835,0.0816667319690095,0.7024496017539107,0.024186368039150818,inactive
신민철,Pitch_rate_6D__impulse_abs,Pitch_rate_6D,0.4593333333333333,0.07740549199114151,0.0,0.295456359028046,0.05615703939592288,0.7636143834023493,0.023631047797436848,inactive
신민철,IMU_VerAccelVal__vdv,IMU_VerAccelVal,0.3373333333333333,-0.05932730565532094,-0.28143154911638435,0.0,0.04454903685973238,0.8131746515211571,0.018917860471022622,inactive
신민철,Pitch_rate_6D__crest,Pitch_rate_6D,0.5926666666666667,0.0015565003810495786,-0.16154625885028964,0.13606273062493748,0.08518478680534813,0.6950073302444993,0.017680993906591384,specific
신민철,Pitch_rate_6D__wrms_rot,Pitch_rate_6D,0.38666666666666666,-0.056026768871219615,-0.2671844690931235,0.017515655358435446,0.04229539680614181,0.778234422896089,0.01659090557609189,inactive
신민철,IMU_LongAccelVal__crest,IMU_LongAccelVal,0.5533333333333333,-0.027847847820141016,-0.1744926578825201,0.06365929538204942,0.07388300898337845,0.7459077775776558,0.01587991905731675,specific
신민철,Bounce_rate_6D__p2p,Bounce_rate_6D,0.26466666666666666,-0.013832801701307924,-0.19617823039911547,0.1058811833966842,0.04263048071939002,0.7483948248958059,0.013000314258175686,inactive
신민철,Pitch_rate_6D__band_low,Pitch_rate_6D,0.43,0.03490947553840795,-0.013878112405198423,0.174679765718229,0.04685184325810572,0.8356161989577956,0.010562385888068987,inactive
신민철,IMU_VerAccelVal__abs_peak,IMU_VerAccelVal,0.10133333333333333,-0.008893932061929028,-0.15145053398856034,0.0,0.02330839789179462,0.8589118158259091,0.007414769309381783,inactive
신민철,IMU_LatAccelVal__band_low,IMU_LatAccelVal,0.2673333333333333,0.009350297634895133,-0.05412288464282764,0.11791730347832635,0.027113499786646723,0.7835906748445479,0.004734537332837643,inactive
신민철,IMU_LongAccelVal__wrms_xy,IMU_LongAccelVal,0.18666666666666668,-0.013427554893528914,-0.16771140516989397,0.025566180178563304,0.01963818068953962,0.7472702082864656,0.004580905879972698,inactive
신민철,Bounce_rate_6D__crest,Bounce_rate_6D,0.24133333333333334,0.0019907176155879902,-0.0775923225600951,0.09433229668522597,0.024603867689262714,0.7522389737015869,0.004331228147649947,inactive
신민철,Pitch_rate_6D__p2p_deriv,Pitch_rate_6D,0.07666666666666666,-0.011115738063966978,-0.159576804242448,0.0,0.007551445947387422,0.7134500977707774,0.002491476464555288,inactive
신민철,IMU_LatAccelVal__sigma_sd,IMU_LatAccelVal,0.19666666666666666,-0.00469765706010666,-0.0743904862390624,0.028813068184600728,0.016220307331902793,0.7306917306590464,0.0019961476986736903,inactive
신민철,IMU_LongAccelVal__rms,IMU_LongAccelVal,0.050666666666666665,0.0032056408294040815,0.0,0.09420901234223628,0.00646357165781986,0.7564732108839158,0.001565959734132534,inactive
신민철,Pitch_rate_6D__band_mid,Pitch_rate_6D,0.03666666666666667,0.004321761471941779,0.0,0.11824315950148309,0.0033176371240158757,0.693444856694228,0.0011620919349754353,inactive
신민철,Bounce_rate_6D__wrms_z_deriv,Bounce_rate_6D,0.04533333333333334,0.0010262026748307732,0.0,0.02082216876186224,0.0034161839178003727,0.8893782946749549,0.00044159589166752587,inactive
신민철,IMU_LatAccelVal__p2p,IMU_LatAccelVal,0.02,-0.0015144580370839117,0.0,-0.0,0.0019646958826031106,0.9039606740999319,0.00041426031735534443,inactive
신민철,IMU_LatAccelVal__abs_peak,IMU_LatAccelVal,0.05333333333333334,-0.000253741123604617,-0.002832438363476189,0.004665789160606239,0.0038492769787242848,0.6558919132033386,0.000401886861310942,inactive
신민철,IMU_LatAccelVal__band_mid,IMU_LatAccelVal,0.05333333333333334,0.0011379393684773265,0.0,0.029578335005774784,0.0033742869891143588,0.7273579959631411,0.00038394964152681775,inactive
신민철,IMU_LatAccelVal__crest,IMU_LatAccelVal,0.027333333333333334,0.0002162097914954703,0.0,0.0,0.0021014387057126703,0.7504233014275389,0.00030325802944257375,inactive
신민철,IMU_LatAccelVal__rms,IMU_LatAccelVal,0.018666666666666668,2.0568904959680557e-05,0.0,-0.0,0.0013399817870160772,0.7014307661288346,0.00023956729196252986,inactive
신민철,IMU_VerAccelVal__mtvv,IMU_VerAccelVal,0.028666666666666667,-0.0003866105981417096,0.0,-0.0,0.0016897865393571945,0.7706702616792945,0.0001880259392052674,inactive
신민철,IMU_LatAccelVal__std,IMU_LatAccelVal,0.007333333333333333,0.000463645930063925,0.0,-0.0,0.000976058383187864,0.779739199276609,0.0001859520721090636,inactive
신민철,IMU_VerAccelVal__impulse_abs,IMU_VerAccelVal,0.0006666666666666666,-4.9567759581014205e-05,0.0,-0.0,6.088100120450677e-05,0.8377297637610699,9.24518864631657e-06,inactive
신민철,Bounce_rate_6D__band_low,Bounce_rate_6D,0.0,0.0,0.0,0.0,0.0,0.7154480924950994,0.0,inactive
이강근,IMU_VerAccelVal__p2p,IMU_VerAccelVal,1.0,-1.0238754690928966,-1.5921419833844381,-0.6027325341294876,0.49848816813863184,0.9696247790011647,1.380118565220719,common
이강근,IMU_LongAccelVal__p2p,IMU_LongAccelVal,1.0,-0.5929850602615778,-0.9104578947277278,-0.3487628817602855,0.27007353026776915,0.9765118815789624,0.4521742120167863,common
이강근,IMU_LongAccelVal__std,IMU_LongAccelVal,1.0,0.5768947676376239,0.3261013623676428,0.9126674046004501,0.2854439440684089,0.9667781746162489,0.4438845503383019,common
이강근,Bounce_rate_6D__impulse_abs,Bounce_rate_6D,1.0,0.43341477218010915,0.2382704703536058,0.6667648581249415,0.21213895613260486,0.9673850963205263,0.24968002632988642,common
이강근,IMU_VerAccelVal__rms,IMU_VerAccelVal,0.9993333333333333,0.1558275528604045,-0.2501995558154225,0.6553321708504439,0.22409107773292627,0.8176777920136725,0.1453527048234187,specific
이강근,IMU_VerAccelVal__impulse_abs,IMU_VerAccelVal,0.764,-0.2309337528363306,-0.5818246874541747,0.08125992298731653,0.13159437006320768,0.8888754077912547,0.12186570165435677,specific
이강근,Bounce_rate_6D__wrms_z_deriv,Bounce_rate_6D,0.998,-0.2556997735566629,-0.47914265966811104,-0.0393828506488981,0.16121543515848213,0.9156891583120973,0.1094258454616396,common
이강근,IMU_LongAccelVal__wrms_xy,IMU_LongAccelVal,0.842,-0.14637558061412623,-0.42601369226069524,0.06871141345206293,0.20217068718046993,0.7586279443691267,0.09588980453379393,specific
이강근,Bounce_rate_6D__band_mid,Bounce_rate_6D,1.0,0.06819504155533271,-0.11610552173269376,0.24139404658320912,0.2462005936721182,0.6458762063244325,0.0790369416523213,specific
이강근,IMU_LongAccelVal__abs_peak,IMU_LongAccelVal,0.722,0.08974131345721238,-0.04570390476546724,0.2903279725908912,0.12145352424478648,0.7463628027623399,0.04168062064438211,specific
이강근,IMU_LongAccelVal__band_low,IMU_LongAccelVal,0.9886666666666667,-0.13300076567760477,-0.24501226741081508,-0.0026690040510250995,0.1229696798420022,0.8453048291444666,0.03847882332727745,specific
이강근,IMU_VerAccelVal__band_low,IMU_VerAccelVal,0.4246666666666667,0.061665676008226436,-0.03216787626077387,0.3077381768155181,0.0754508898411814,0.8684353959086001,0.029515991281368125,inactive
이강근,IMU_VerAccelVal__std,IMU_VerAccelVal,0.18666666666666668,0.032822060288048543,-0.006719729966566048,0.3287656150109076,0.04954412088570016,0.807567785508725,0.02451334637171559,inactive
이강근,IMU_VerAccelVal__mtvv,IMU_VerAccelVal,0.438,-0.020265833642090905,-0.18380145406393453,0.08649557285811588,0.07796798750726687,0.7489201246400709,0.02098776884261666,inactive
이강근,IMU_LongAccelVal__rms,IMU_LongAccelVal,0.33666666666666667,0.03018739981046052,-0.07778914602339254,0.23776723111352474,0.050025118965790455,0.7072058366195532,0.015486480268605947,inactive
이강근,IMU_VerAccelVal__band_mid,IMU_VerAccelVal,0.314,-0.010347024930276059,-0.10675273455684114,0.05622428223567087,0.046155174203360995,0.6642808815365265,0.00989050202218543,inactive
이강근,Pitch_rate_6D__p2p_deriv,Pitch_rate_6D,0.21133333333333335,-0.02944706703318537,-0.24395764670055295,-0.0,0.022755117127903075,0.7714135096367114,0.008680948028346753,inactive
이강근,Bounce_rate_6D__band_low,Bounce_rate_6D,0.28933333333333333,-0.004246584194022568,-0.09445157953961687,0.06736475156396063,0.036919961459516364,0.7412448964266447,0.006697104022010988,inactive
이강근,IMU_LatAccelVal__band_low,IMU_LatAccelVal,0.2806666666666667,0.006677380873070024,-0.05692505206371439,0.10246069991976665,0.02772255321717631,0.7478573884216859,0.0043560958553490485,inactive
이강근,Pitch_rate_6D__band_low,Pitch_rate_6D,0.208,0.019280444967809247,0.0,0.1469402076521919,0.017971266465156805,0.8557404098583529,0.0040256439215753895,inactive
이강근,IMU_LatAccelVal__abs_peak,IMU_LatAccelVal,0.08533333333333333,-0.003548229303652777,-0.08238526141455574,0.0,0.015457687089924075,0.7268815325872579,0.0035190860060010736,inactive
이강근,Pitch_rate_6D__crest,Pitch_rate_6D,0.20866666666666667,-0.0019632321258992017,-0.07640314154330019,0.062184146019901576,0.02063256318057675,0.6801945870491914,0.0029995346334908296,inactive
이강근,IMU_LatAccelVal__p2p,IMU_LatAccelVal,0.11733333333333333,0.007410784386897449,0.0,0.12893449263073373,0.012963973802384702,0.7835202864053696,0.0028210920266463746,inactive
이강근,IMU_LongAccelVal__crest,IMU_LongAccelVal,0.11466666666666667,-0.004298233028005142,-0.09718273137625778,0.0077342082077595815,0.01313357148167835,0.7752622175977479,0.0025965594832790912,inactive
이강근,Pitch_rate_6D__abs_peak,Pitch_rate_6D,0.066,-0.006255002851960488,-0.15769964423907662,0.0,0.007220286863423693,0.8610137463374277,0.0023226002591220456,inactive
이강근,Bounce_rate_6D__rms_deriv,Bounce_rate_6D,0.09466666666666666,-0.006765569235749542,-0.12742659727092176,0.0,0.008928335868434615,0.873173739057827,0.0020756124394796832,inactive
이강근,Pitch_rate_6D__band_mid,Pitch_rate_6D,0.06466666666666666,0.004784488898645696,0.0,0.12103253019426456,0.006608077181405863,0.7717609610981357,0.001683238573305142,inactive
이강근,IMU_VerAccelVal__abs_peak,IMU_VerAccelVal,0.072,-0.006643684323615439,-0.0978666984966024,0.0,0.005197482809207214,0.8457012381638995,0.0011418555659936291,inactive
이강근,IMU_VerAccelVal__vdv,IMU_VerAccelVal,0.056666666666666664,-0.004910706713637336,-0.10052960835996898,0.0,0.004819102969525133,0.7007230281345549,0.0010927870922301816,inactive
이강근,Bounce_rate_6D__crest,Bounce_rate_6D,0.07733333333333334,0.005180136454956329,0.0,0.09291081029166652,0.00555381344997546,0.8718892207806502,0.0009911273737580972,inactive
이강근,IMU_VerAccelVal__p95_abs,IMU_VerAccelVal,0.04133333333333333,-0.0037269963237892664,-0.08594882527776056,0.0,0.002736848618137491,0.7947296022724014,0.0005738861811259987,inactive
이강근,IMU_LatAccelVal__std,IMU_LatAccelVal,0.02,0.0006158298281637492,0.0,0.0,0.0019382347312237494,0.6518224394668185,0.00047561812329604126,inactive
이강근,Pitch_rate_6D__wrms_rot,Pitch_rate_6D,0.018,-0.0019765284052845845,0.0,-0.0,0.00145198634780147,0.8658139517364292,0.00040762328373267594,inactive
이강근,IMU_LatAccelVal__band_mid,IMU_LatAccelVal,0.0013333333333333333,0.00022724118923248725,0.0,-0.0,0.00011848086360257808,0.8656009168520089,4.934303524228534e-05,inactive
이강근,Pitch_rate_6D__impulse_abs,Pitch_rate_6D,0.0,0.0,0.0,-0.0,0.0,0.8202371619976626,0.0,inactive
이강근,Bounce_rate_6D__p2p_deriv,Bounce_rate_6D,0.0,0.0,0.0,-0.0,0.0,0.9650404915538362,0.0,inactive
이강근,Bounce_rate_6D__p2p,Bounce_rate_6D,0.0,0.0,0.0,0.0,0.0,0.9452547977284251,0.0,inactive
이강근,IMU_LongAccelVal__band_mid,IMU_LongAccelVal,0.0,0.0,0.0,0.0,0.0,0.8706971899691286,0.0,inactive
이강근,IMU_LatAccelVal__rms,IMU_LatAccelVal,0.0,0.0,0.0,-0.0,0.0,0.8619408145759008,0.0,inactive
이강근,IMU_LatAccelVal__crest,IMU_LatAccelVal,0.0,0.0,0.0,-0.0,0.0,0.9005930796594067,0.0,inactive
이강근,IMU_LatAccelVal__sigma_sd,IMU_LatAccelVal,0.0,0.0,0.0,-0.0,0.0,0.8912682095418298,0.0,inactive
이지환,Bounce_rate_6D__p2p_deriv,Bounce_rate_6D,0.9933333333333333,-0.5148651470284114,-0.8993144050853829,-0.13830285758841815,0.2883568592284231,0.9481979158676497,0.3994356985837776,common
이지환,Bounce_rate_6D__impulse_abs,Bounce_rate_6D,1.0,0.5227445506317686,0.2498401242949691,0.8378910059075123,0.2725099759780053,0.9627635444182994,0.3824550433788122,common
이지환,IMU_LongAccelVal__abs_peak,IMU_LongAccelVal,1.0,-0.19814586367072382,-0.5356464023468417,0.1890663408519755,0.4879539570842106,0.6874572447534437,0.34096240770945574,specific
이지환,IMU_VerAccelVal__abs_peak,IMU_VerAccelVal,1.0,-0.31903731427694426,-0.6955455731624195,0.08587260992089549,0.4000694658047841,0.7757570477504057,0.3194165560726812,specific
이지환,IMU_VerAccelVal__vdv,IMU_VerAccelVal,1.0,-0.23469905339747332,-0.5485756033366191,0.14842374169376224,0.4234866674796112,0.7361359086734165,0.2878111200869768,specific
이지환,IMU_VerAccelVal__p2p,IMU_VerAccelVal,1.0,-0.38698990875331424,-0.6917097485374574,-0.025732594388683586,0.2946261937984613,0.8882066916409836,0.2760965180050315,specific
이지환,IMU_LongAccelVal__p95_abs,IMU_LongAccelVal,1.0,0.05436859409284926,-0.28539233967514344,0.354321382902364,0.46487137357315944,0.6150918518927843,0.2659896408754163,specific
이지환,IMU_VerAccelVal__mtvv,IMU_VerAccelVal,0.9866666666666667,-0.049282658976839304,-0.4062702089851714,0.22918641015266403,0.3951121396223851,0.6338909931420313,0.20968641890964973,specific
이지환,IMU_LongAccelVal__band_low,IMU_LongAccelVal,1.0,-0.23584445953375008,-0.4100339367234088,-0.07748910979359588,0.2236494618390552,0.8452405192795469,0.1164602501754755,specific
이지환,Pitch_rate_6D__wrms_rot,Pitch_rate_6D,0.906,-0.03283640545291225,-0.2767524763592263,0.1702275543325413,0.27739186707724456,0.6343010934566329,0.11156425406404333,specific
이지환,Bounce_rate_6D__band_mid,Bounce_rate_6D,0.9973333333333333,0.17620408220081837,-0.03684481423557975,0.440547490080654,0.18963765845087172,0.7976261091343136,0.08789382783934667,specific
이지환,IMU_VerAccelVal__std,IMU_VerAccelVal,0.77,0.12441385655206175,-0.07065281067264739,0.45655144642279843,0.16630508287803877,0.7866070511747291,0.08459077097141163,specific
이지환,IMU_LongAccelVal__rms,IMU_LongAccelVal,0.6046666666666667,0.09403231185517151,-0.046169558805208864,0.3825741342889714,0.15601761662718253,0.7504490996055726,0.07266675155778073,specific
이지환,IMU_LongAccelVal__crest,IMU_LongAccelVal,0.926,-0.02922574933330488,-0.2365367899309838,0.12349530655806386,0.20542341242550688,0.648923212216573,0.06086905923626883,specific
이지환,IMU_VerAccelVal__band_mid,IMU_VerAccelVal,0.6933333333333334,-0.1267202323847892,-0.45440055506062804,0.01651192092976323,0.09504870043409244,0.8437592959073231,0.05207576300090678,specific
이지환,Bounce_rate_6D__band_low,Bounce_rate_6D,0.9353333333333333,0.010898448812910088,-0.13028547243844574,0.14719730641690384,0.15326244583993953,0.6453254085340231,0.03314187989590689,specific
이지환,IMU_VerAccelVal__band_low,IMU_VerAccelVal,0.35733333333333334,0.03791537325666075,-0.0191170039500118,0.26223451912983853,0.04632849691525374,0.7504551747923254,0.014950699468885293,inactive
이지환,IMU_LongAccelVal__p2p,IMU_LongAccelVal,0.3393333333333333,-0.051245466984608516,-0.26887963011307403,-0.0,0.036064486058613086,0.8452204961325663,0.014326048426535249,inactive
이지환,IMU_VerAccelVal__p95_abs,IMU_VerAccelVal,0.336,-0.010909078353531701,-0.20988075030752903,0.11612225436362976,0.049382875312130835,0.6950375901239317,0.013074714508624094,inactive
이지환,Pitch_rate_6D__band_mid,Pitch_rate_6D,0.248,0.028832961461875112,0.0,0.21807667779838516,0.030597892848366323,0.7985074538639794,0.009555423325138456,inactive
이지환,Bounce_rate_6D__wrms_z_deriv,Bounce_rate_6D,0.23066666666666666,0.014705605076630575,-0.023554566762438688,0.14022719159367755,0.037419762447735073,0.7221279382800907,0.00940974617083097,inactive
이지환,Bounce_rate_6D__p2p,Bounce_rate_6D,0.25733333333333336,-0.02395012225866348,-0.20694189195969787,0.025306920003768177,0.030907510899693444,0.7836301344470588,0.008916292191152468,inactive
이지환,IMU_LongAccelVal__wrms_xy,IMU_LongAccelVal,0.19333333333333333,0.023524912081493567,0.0,0.20410733031050785,0.024947909650569283,0.7416782401052333,0.007371732688820612,inactive
이지환,Bounce_rate_6D__crest,Bounce_rate_6D,0.13333333333333333,-0.004000191988201868,-0.075411281238302,0.02349144215620527,0.01739193947714623,0.8465034405231507,0.0032352068776980766,inactive
이지환,IMU_LatAccelVal__p2p,IMU_LatAccelVal,0.17333333333333334,-0.012809775376059276,-0.14142567271638234,0.0,0.014833594203286369,0.8551184820793892,0.0030502991791390263,inactive
이지환,Pitch_rate_6D__band_low,Pitch_rate_6D,0.158,0.009774099678016084,0.0,0.11464615253973359,0.014294835809237606,0.7303189339277283,0.002621752191331383,inactive
이지환,Pitch_rate_6D__p2p_deriv,Pitch_rate_6D,0.114,-0.0004407824112782554,-0.046467590440279434,0.035874941482029056,0.014000559863807122,0.6962314511611655,0.002301115918551555,inactive
이지환,IMU_VerAccelVal__rms,IMU_VerAccelVal,0.19,-0.007656563198184074,-0.126403279871362,0.03479574325295214,0.01289308175456672,0.8408004266362926,0.0021889479745251465,inactive
이지환,Pitch_rate_6D__impulse_abs,Pitch_rate_6D,0.06666666666666667,0.004970372551491965,0.0,0.10991201197670901,0.007171728198439892,0.9028979904889438,0.001877217388660042,inactive
이지환,Pitch_rate_6D__crest,Pitch_rate_6D,0.098,-0.0008822626331384745,-0.04844492193356404,0.03285524687285103,0.010338916135056678,0.8428171890143653,0.0015685556978118633,inactive
이지환,IMU_LatAccelVal__std,IMU_LatAccelVal,0.05466666666666667,0.0021368123615485846,0.0,0.029918273894569122,0.005398310284566057,0.7770762912429409,0.0008166398323687139,inactive
이지환,IMU_LatAccelVal__band_mid,IMU_LatAccelVal,0.08933333333333333,0.0016185900185091272,-0.009778941579706801,0.043489810826915914,0.00596792296967103,0.6834347396943716,0.0006160771364160205,inactive
이지환,IMU_LatAccelVal__rms,IMU_LatAccelVal,0.03666666666666667,0.00015982580073987889,0.0,-0.0,0.0033821714760413285,0.7838859337891151,0.0005256944628914474,inactive
이지환,IMU_LongAccelVal__band_mid,IMU_LongAccelVal,0.005333333333333333,0.0008345127453146134,0.0,0.0,0.00048442169166181405,0.8225569426711294,0.00018385808758861238,inactive
이지환,IMU_VerAccelVal__impulse_abs,IMU_VerAccelVal,0.004666666666666667,0.00027260748312538883,0.0,-0.0,0.00031865399614298756,0.681762224634918,4.000538076828417e-05,inactive
이지환,IMU_LatAccelVal__crest,IMU_LatAccelVal,0.0006666666666666666,-9.462862364846408e-05,0.0,-0.0,5.130037409952223e-05,0.8892655730481882,1.737945719453038e-05,inactive
이지환,IMU_LongAccelVal__std,IMU_LongAccelVal,0.0,0.0,0.0,0.0,0.0,0.7089809295288735,0.0,inactive
이지환,IMU_LatAccelVal__abs_peak,IMU_LatAccelVal,0.0,0.0,0.0,0.0,0.0,0.6392484145534503,0.0,inactive
이지환,IMU_LatAccelVal__sigma_sd,IMU_LatAccelVal,0.0,0.0,0.0,0.0,0.0,0.8141216426915072,0.0,inactive
이지환,IMU_LatAccelVal__band_low,IMU_LatAccelVal,0.0,0.0,0.0,0.0,0.0,0.6797694364380841,0.0,inactive
조현석,Bounce_rate_6D__impulse_abs,Bounce_rate_6D,1.0,0.69210261925278,0.4205003794764093,1.013254911458247,0.3521709793443097,0.9652275455611359,0.638623999303486,common
조현석,IMU_VerAccelVal__p2p,IMU_VerAccelVal,0.804,-0.5325902960890632,-1.1167202866000543,0.0,0.2757349435857797,0.9524193518800672,0.5044093501921777,common
조현석,IMU_LongAccelVal__std,IMU_LongAccelVal,1.0,0.50443414594771,0.17279231531209205,0.8509283498719827,0.27181983358334894,0.9466485528291488,0.36656053478755285,common
조현석,IMU_LongAccelVal__p2p,IMU_LongAccelVal,1.0,-0.4780399470628034,-0.7961456420081122,-0.21693851059036207,0.26159252477817585,0.952082137174768,0.3271263394556734,common
조현석,Bounce_rate_6D__p2p,Bounce_rate_6D,0.9986666666666667,-0.3318154809080486,-0.6027515895112817,-0.08398078094672788,0.2858937055636456,0.8700805470098294,0.22458494597914525,specific
조현석,Bounce_rate_6D__wrms_z_deriv,Bounce_rate_6D,0.7086666666666667,-0.151728380905106,-0.48540564516643575,0.03349380354255773,0.18948754517503422,0.8341968298303667,0.11120618656786954,specific
조현석,IMU_VerAccelVal__vdv,IMU_VerAccelVal,0.8773333333333333,-0.12777236367555322,-0.3452792090438335,0.08998568874854697,0.22517512141831428,0.7284110970749762,0.09519254332146661,specific
조현석,IMU_VerAccelVal__band_mid,IMU_VerAccelVal,0.8153333333333334,-0.17451373343903098,-0.4057283720341586,-0.0,0.11497557373923382,0.9080663407840245,0.06169364026306746,common
조현석,Pitch_rate_6D__abs_peak,Pitch_rate_6D,0.986,0.054576916140914575,-0.22065798990335955,0.2682534344525379,0.192241164879396,0.7214027243083814,0.06135349210461708,specific
조현석,IMU_LongAccelVal__band_low,IMU_LongAccelVal,1.0,-0.16803285972908882,-0.29637062763758637,-0.037755742723127685,0.15835938891803308,0.8451244518900759,0.060769242222313787,specific
조현석,IMU_LongAccelVal__wrms_xy,IMU_LongAccelVal,0.6573333333333333,-0.1252117813729941,-0.36362290604413267,0.003788820839135208,0.11125455390706927,0.8004149922221054,0.05278093774782086,specific
조현석,IMU_VerAccelVal__std,IMU_VerAccelVal,0.49933333333333335,-0.027018659900782362,-0.29764432319143186,0.19827988279813774,0.11795419104440977,0.7314824581343182,0.04967705296151445,inactive
조현석,Bounce_rate_6D__crest,Bounce_rate_6D,0.7213333333333334,0.10189566284759387,0.0,0.28222284930588226,0.087994782475064,0.8468567792821506,0.030739850147557795,specific
조현석,IMU_LongAccelVal__rms,IMU_LongAccelVal,0.7366666666666667,0.011198340226171704,-0.14928782947962707,0.18577272977456158,0.10334326025972038,0.7138842034351823,0.023825324647252864,specific
조현석,Bounce_rate_6D__p2p_deriv,Bounce_rate_6D,0.32066666666666666,-0.05749617719392505,-0.3006835757818407,0.0,0.047204967139420406,0.7802243636072845,0.02129888663123759,inactive
조현석,Pitch_rate_6D__band_mid,Pitch_rate_6D,0.5786666666666667,0.05125598680071498,-0.04218302032963709,0.2254207059539234,0.06219713228266319,0.8011784542245003,0.016088585477479468,specific
조현석,IMU_LongAccelVal__band_mid,IMU_LongAccelVal,0.41333333333333333,0.016802163037102975,-0.0760926648914573,0.1731643178792344,0.05727154246972893,0.7536481170057392,0.012893160543480657,inactive
조현석,IMU_LongAccelVal__crest,IMU_LongAccelVal,0.4226666666666667,-0.010865378631505202,-0.13195856148953075,0.06527016376317805,0.0481097140058993,0.7214284580913788,0.008453187850727793,inactive
조현석,IMU_VerAccelVal__impulse_abs,IMU_VerAccelVal,0.26266666666666666,-0.022244371402189253,-0.1526334413221774,0.0,0.023339094085112658,0.7955956164746788,0.004957014071919349,inactive
조현석,Pitch_rate_6D__p2p_deriv,Pitch_rate_6D,0.16533333333333333,-0.016236646586871753,-0.1959750237127527,0.0034824527522014383,0.015493062674354713,0.8241115476588838,0.004727633137531697,inactive
조현석,IMU_VerAccelVal__p95_abs,IMU_VerAccelVal,0.16,-0.013871272736015636,-0.1776586706491947,0.00998679824158562,0.015343333389093244,0.785369506333394,0.004117646863234261,inactive
조현석,IMU_LatAccelVal__band_low,IMU_LatAccelVal,0.344,0.005479046191583078,-0.05410439782294502,0.0796834193344357,0.0295643418254641,0.7201275313306837,0.0036813123120614014,inactive
조현석,Pitch_rate_6D__crest,Pitch_rate_6D,0.19733333333333333,-0.01081739472832851,-0.14910811110084232,0.03736547748380983,0.016348717160342717,0.8082277599341683,0.0034330281507561266,inactive
조현석,Pitch_rate_6D__band_low,Pitch_rate_6D,0.17666666666666667,-0.004327518373310683,-0.07364719994861466,0.02277264718285593,0.018405697263168527,0.7998304847509662,0.002664129704741493,inactive
조현석,Pitch_rate_6D__wrms_rot,Pitch_rate_6D,0.09333333333333334,-0.008342975690740623,-0.14070386186833372,-0.0,0.010240721165233608,0.7888017054021207,0.002470220745978119,inactive
조현석,Pitch_rate_6D__impulse_abs,Pitch_rate_6D,0.116,0.009921709374032457,0.0,0.13433341149080466,0.008236910694892534,0.8555697802667539,0.0018598327448877503,inactive
조현석,Bounce_rate_6D__band_low,Bounce_rate_6D,0.134,0.0021269131326990777,-0.0234392222890567,0.05057269880274677,0.01121708043173196,0.7863299230556546,0.0014030046074123051,inactive
조현석,IMU_VerAccelVal__band_low,IMU_VerAccelVal,0.06266666666666666,0.0021572430024487696,-0.0031936132685857345,0.05372086193854569,0.005544445821261047,0.7007618141539269,0.0009480627065134272,inactive
조현석,IMU_LatAccelVal__abs_peak,IMU_LatAccelVal,0.08666666666666667,-0.0015231232930452204,-0.04419337136142885,0.009970838558738445,0.005184315508989208,0.7119755174779514,0.0005497447829658023,inactive
조현석,IMU_LatAccelVal__rms,IMU_LatAccelVal,0.030666666666666665,0.0011600282665367042,0.0,0.0,0.0025019931889330295,0.8008330972466549,0.00048009942778239355,inactive
조현석,IMU_VerAccelVal__rms,IMU_VerAccelVal,0.043333333333333335,-0.001430316856749996,-0.026833331057607535,-0.0,0.003374568242143345,0.8990642991221345,0.0004607080333531826,inactive
조현석,IMU_LatAccelVal__std,IMU_LatAccelVal,0.02266666666666667,0.0018410357534886987,0.0,0.0,0.0019788528069585084,0.8708418847349924,0.0004277378985748941,inactive
조현석,IMU_LatAccelVal__crest,IMU_LatAccelVal,0.034666666666666665,0.0024251491623281806,0.0,0.05278584372467367,0.0024437603849683485,0.7697947827060695,0.00041993040343367866,inactive
조현석,IMU_VerAccelVal__mtvv,IMU_VerAccelVal,0.03,8.621520874002505e-05,0.0,0.0,0.0027049442028148213,0.8176118029392924,0.00038870339251514507,inactive
조현석,Bounce_rate_6D__band_mid,Bounce_rate_6D,0.043333333333333335,-0.0020688558148391073,-0.04310665199926093,-0.0,0.002696439621210777,0.8818307542291879,0.0003327052710159186,inactive
조현석,IMU_LatAccelVal__sigma_sd,IMU_LatAccelVal,0.03866666666666667,0.0006673617860557945,0.0,0.0017680063688649363,0.00263550321230031,0.8245269990448374,0.00032326363506550383,inactive
조현석,IMU_LatAccelVal__p2p,IMU_LatAccelVal,0.02266666666666667,0.0010359520369015607,0.0,0.0,0.0014938317545191819,0.7601582616848919,0.00031609881676609465,inactive
조현석,IMU_LatAccelVal__band_mid,IMU_LatAccelVal,0.012666666666666666,-0.00038339677623018754,0.0,-0.0,0.0008747727579833433,0.7950164986463315,9.831573188050974e-05,inactive
조현석,IMU_LongAccelVal__abs_peak,IMU_LongAccelVal,0.0013333333333333333,-0.00018131120650745084,0.0,-0.0,0.00020520414724477958,0.9048864506646529,5.709132402395562e-05,inactive
조현석,IMU_VerAccelVal__abs_peak,IMU_VerAccelVal,0.0,0.0,0.0,0.0,0.0,0.7228776545245489,0.0,inactive
한규택,IMU_VerAccelVal__p2p,IMU_VerAccelVal,1.0,-0.7961790246919139,-1.1823806730599482,-0.46392762308537605,0.42525550785611593,0.9607511299215206,0.8651260613346997,common
한규택,Bounce_rate_6D__impulse_abs,Bounce_rate_6D,1.0,0.4383815113345983,0.19942911777009267,0.689183713972792,0.23199840679670009,0.9552943378621023,0.26846619781305664,common
한규택,Pitch_rate_6D__abs_peak,Pitch_rate_6D,0.9793333333333333,0.15232284404876043,-0.13531422701884352,0.5083820163664747,0.33110774558750744,0.6872441769506413,0.18482462138557484,specific
한규택,Pitch_rate_6D__p2p_deriv,Pitch_rate_6D,0.714,-0.2582030625189373,-0.578653281208204,0.0,0.14982021663415712,0.8526453001259909,0.13981969660594937,specific
한규택,IMU_VerAccelVal__mtvv,IMU_VerAccelVal,0.996,-0.06133402341906903,-0.45724333816395285,0.3133452592073554,0.2773609003895454,0.7262894872505652,0.13537732669036753,specific
한규택,IMU_LongAccelVal__band_low,IMU_LongAccelVal,1.0,-0.1852102535614897,-0.3606267700377719,-0.01672219654053424,0.23981782043257963,0.7776446848115163,0.10423567977030221,specific
한규택,IMU_LongAccelVal__std,IMU_LongAccelVal,0.9853333333333333,0.24302342120043557,0.0,0.4861402858469795,0.15855126051095866,0.9119084497288003,0.10092376246643234,common
한규택,IMU_VerAccelVal__band_mid,IMU_VerAccelVal,0.9493333333333334,-0.24469168291293344,-0.4738541241500008,-0.0,0.13301092233053116,0.9512533996665508,0.09417946286714471,common
한규택,IMU_VerAccelVal__vdv,IMU_VerAccelVal,0.9486666666666667,-0.011341909495838612,-0.235647146715911,0.21693626732353802,0.2588868729251528,0.6417485412276636,0.09376730352775316,specific
한규택,Bounce_rate_6D__p2p_deriv,Bounce_rate_6D,0.6813333333333333,-0.17335403005841155,-0.6352583594999465,-0.0,0.11631256640689423,0.8532743131181978,0.0864588993776967,specific
한규택,IMU_LongAccelVal__p2p,IMU_LongAccelVal,0.96,-0.22534054167088724,-0.40299946122239394,-0.0,0.13529100375141628,0.9320204660883903,0.08178991306970325,common
한규택,IMU_VerAccelVal__rms,IMU_VerAccelVal,0.866,-0.16365750875537646,-0.42069744841886436,0.030062327860304012,0.15067318791536427,0.8118388935200449,0.07362681006971962,specific
한규택,Bounce_rate_6D__band_mid,Bounce_rate_6D,1.0,0.08235454647884581,-0.12101239626522627,0.2650382852095584,0.2174247276193401,0.6957601394959,0.07038501905015532,specific
한규택,IMU_LongAccelVal__abs_peak,IMU_LongAccelVal,0.99,-0.009654098812895513,-0.26662840520087916,0.2527467950174344,0.2099243308629901,0.691434774999214,0.06987388153796295,specific
한규택,IMU_LatAccelVal__sigma_sd,IMU_LatAccelVal,0.6766666666666666,-0.10871280197189966,-0.3918029754333078,0.0,0.13466201121386684,0.8083766980634285,0.06029849339107758,specific
한규택,IMU_LongAccelVal__band_mid,IMU_LongAccelVal,0.8713333333333333,0.04926829800685302,-0.11747743445226694,0.2437304383292548,0.16956489090649216,0.6930000889155001,0.05060650217477043,specific
한규택,IMU_VerAccelVal__band_low,IMU_VerAccelVal,0.5693333333333334,0.11325509817805293,-0.03150102305682934,0.4164582481569866,0.07772894833656388,0.8244192777957028,0.047078134319237505,specific
한규택,IMU_LongAccelVal__crest,IMU_LongAccelVal,0.8413333333333334,-0.10220509708633355,-0.29833337222597,0.04855493011835526,0.12647491099598668,0.7745919919862736,0.04187261156981625,specific
한규택,IMU_LatAccelVal__std,IMU_LatAccelVal,0.6106666666666667,0.07781771931591223,-0.1099480250486131,0.3213187255812906,0.09282403521824589,0.8021422230118117,0.03655826675151037,specific
한규택,IMU_LatAccelVal__p2p,IMU_LatAccelVal,0.5366666666666666,0.06535616069745237,-0.03190858291528977,0.3079873220220548,0.08318700035820363,0.7986100569827299,0.028699072296033596,specific
한규택,Pitch_rate_6D__band_low,Pitch_rate_6D,0.7853333333333333,0.026372079063263422,-0.1184985855196741,0.1792504324544067,0.11264247462864273,0.7111451191150905,0.025124763735539943,specific
한규택,IMU_LatAccelVal__abs_peak,IMU_LatAccelVal,0.43,-0.015246710932542781,-0.23173698338466292,0.2073785126742494,0.05768966349243463,0.8078025961140828,0.018577720020816115,inactive
한규택,IMU_LongAccelVal__rms,IMU_LongAccelVal,0.3413333333333333,-0.037204902406943165,-0.25544053285818635,0.07416507506718366,0.04448066318028128,0.8806232920011804,0.01569242860956083,inactive
한규택,Bounce_rate_6D__wrms_z_deriv,Bounce_rate_6D,0.13866666666666666,-0.005376273775607287,-0.11864524518499402,0.03945499252424552,0.03733419740497934,0.732760560750217,0.012957933103052646,inactive
한규택,IMU_LatAccelVal__rms,IMU_LatAccelVal,0.32466666666666666,0.005496143144640058,-0.1389885526341857,0.18539158414272097,0.03470258306845923,0.778056738868397,0.008077667096334446,inactive
한규택,IMU_VerAccelVal__std,IMU_VerAccelVal,0.25933333333333336,-0.0012375048444836507,-0.13574642814821655,0.09641619815053533,0.026916501366196884,0.7673263197544732,0.005314495638509663,inactive
한규택,Pitch_rate_6D__impulse_abs,Pitch_rate_6D,0.11866666666666667,0.0001295568663542103,-0.04415492038679271,0.050369499458517396,0.016021571025533407,0.799226716513494,0.0032261570317981755,inactive
한규택,Bounce_rate_6D__crest,Bounce_rate_6D,0.16133333333333333,-0.006377670591945693,-0.10548334619401584,0.02489891442697249,0.017237202256118456,0.7450233539987098,0.003092378656702127,inactive
한규택,Pitch_rate_6D__crest,Pitch_rate_6D,0.16133333333333333,0.006429117717411186,-0.0174295202066054,0.09720244043871044,0.01407136557686376,0.734350792123962,0.0024927519447848837,inactive
한규택,Pitch_rate_6D__band_mid,Pitch_rate_6D,0.08933333333333333,0.004176414537618948,0.0,0.07493939216592141,0.011306076594574173,0.7572779868409116,0.0020199388726438723,inactive
한규택,IMU_LatAccelVal__band_mid,IMU_LatAccelVal,0.052,0.003941000376709612,0.0,0.08263131968776524,0.003610460543569327,0.7918821839183317,0.0008803198593767481,inactive
한규택,Bounce_rate_6D__p2p,Bounce_rate_6D,0.05466666666666667,-0.0033218653754829167,-0.06642924034485945,0.0,0.004708719569341469,0.7539188603468652,0.0007667453369488441,inactive
한규택,IMU_LatAccelVal__crest,IMU_LatAccelVal,0.008666666666666666,0.00041675942435823074,0.0,0.0,0.0006579200928352443,0.9126401642576919,8.922243765818734e-05,inactive
한규택,IMU_VerAccelVal__impulse_abs,IMU_VerAccelVal,0.006,0.00031394058055781186,0.0,0.0,0.0004057517606106137,0.7346241978157447,5.8897118653202805e-05,inactive
한규택,Bounce_rate_6D__band_low,Bounce_rate_6D,0.0006666666666666666,-6.207057799570232e-05,0.0,0.0,9.79751155908886e-05,0.6765265715605357,2.017781989165282e-05,inactive
한규택,Pitch_rate_6D__wrms_rot,Pitch_rate_6D,0.0,0.0,0.0,0.0,0.0,0.7091392366091712,0.0,inactive
한규택,IMU_VerAccelVal__abs_peak,IMU_VerAccelVal,0.0,0.0,0.0,-0.0,0.0,0.8234992605706087,0.0,inactive
한규택,IMU_VerAccelVal__p95_abs,IMU_VerAccelVal,0.0,0.0,0.0,0.0,0.0,0.8398834918801987,0.0,inactive
한규택,IMU_LongAccelVal__sigma_sd,IMU_LongAccelVal,0.0,0.0,0.0,0.0,0.0,0.7825426076652021,0.0,inactive
한규택,IMU_LatAccelVal__band_low,IMU_LatAccelVal,0.0,0.0,0.0,-0.0,0.0,0.8790640193414154,0.0,inactive
