feature,group,pip,q,S,mu_mean,between_sd,role_common,role_specific,role_inactive
IMU_VerAccelVal__p2p,IMU_VerAccelVal,0.9714,0.9460579206519787,0.5679848684819386,-0.6042493904187852,0.3240893065471278,0.9,0.1,0.0
Bounce_rate_6D__impulse_abs,Bounce_rate_6D,1.0,0.9603814122734636,0.37009519147202763,0.5117666437036178,0.2626855365172493,1.0,0.0,0.0
IMU_LongAccelVal__p95_abs,IMU_LongAccelVal,1.0,0.6150918518927843,0.2659896408754163,0.05436859409284926,0.46487137357315944,0.0,1.0,0.0
IMU_LongAccelVal__std,IMU_LongAccelVal,0.745,0.872623880624183,0.1661898395978223,0.2615772991226768,0.1675395955413006,0.5,0.2,0.3
IMU_LongAccelVal__p2p,IMU_LongAccelVal,0.7046,0.8912826986579129,0.15329321013661748,-0.2524637349499177,0.14778528536000907,0.6,0.1,0.3
IMU_VerAccelVal__vdv,IMU_VerAccelVal,0.5861333333333334,0.7258601424131104,0.10732677365757175,-0.05604064213339233,0.18696686194367967,0.0,0.5,0.5
IMU_VerAccelVal__abs_peak,IMU_VerAccelVal,0.5298666666666667,0.8129784067217118,0.10650792761072281,-0.14268998496295177,0.15310665262228715,0.1,0.4,0.5
IMU_VerAccelVal__std,IMU_VerAccelVal,0.6406666666666666,0.770616471698541,0.09906006503844353,-0.04927868056193438,0.17264543167615803,0.0,0.6,0.4
Bounce_rate_6D__p2p_deriv,Bounce_rate_6D,0.4909333333333333,0.853714748633742,0.09325966193301484,-0.1506461295427949,0.10643547253719228,0.2,0.3,0.5
IMU_LongAccelVal__band_low,IMU_LongAccelVal,0.9977333333333334,0.8177975951036549,0.08335378151919091,-0.18011387823332498,0.19533435396381366,0.0,1.0,0.0
Bounce_rate_6D__wrms_z_deriv,Bounce_rate_6D,0.5686,0.8056020319427214,0.08161794339134451,-0.10451579599875713,0.13949892497675848,0.1,0.5,0.4
IMU_LongAccelVal__abs_peak,IMU_LongAccelVal,0.6414666666666667,0.7518382624952864,0.08104870530146072,-0.01648671490038526,0.16952006169181905,0.0,0.7,0.3
Pitch_rate_6D__abs_peak,Pitch_rate_6D,0.6065185185185185,0.7306356839895878,0.07488378875925751,0.04785129850241116,0.15937825909145287,0.0,0.5555555555555556,0.4444444444444444
Bounce_rate_6D__band_mid,Bounce_rate_6D,0.7940666666666666,0.7256584142716836,0.06148890941770779,0.07554652153508451,0.17499383697052426,0.0,0.8,0.2
IMU_VerAccelVal__band_mid,IMU_VerAccelVal,0.7428000000000001,0.8595979089962489,0.06139464704888017,-0.16000463901083067,0.10374078674889833,0.5,0.2,0.3
Pitch_rate_6D__p95_abs,Pitch_rate_6D,0.49866666666666665,0.8579497233720146,0.057995454375250936,-0.1375439823774593,0.08669149405548653,0.0,0.0,1.0
IMU_VerAccelVal__mtvv,IMU_VerAccelVal,0.43186666666666673,0.7606593284501588,0.05622723159489436,-0.011353500608569395,0.12131080988301764,0.0,0.4,0.6
Bounce_rate_6D__p2p,Bounce_rate_6D,0.3454666666666667,0.8505312303215569,0.050785475237059605,-0.08831552704163875,0.07108278622569372,0.1,0.1,0.8
IMU_LongAccelVal__wrms_xy,IMU_LongAccelVal,0.5463333333333333,0.7660433256867383,0.04763725335104085,-0.07867751052021224,0.10722440890283055,0.0,0.5,0.5
Bounce_rate_6D__rms_deriv,Bounce_rate_6D,0.33466666666666667,0.845261269686839,0.04293609010406252,-0.08639853366836543,0.049288024430440065,0.3333333333333333,0.0,0.6666666666666666
IMU_VerAccelVal__band_low,IMU_VerAccelVal,0.47380000000000005,0.8251640343453104,0.042889853038899674,0.09646061258758545,0.0742350157792677,0.2,0.3,0.5
Pitch_rate_6D__wrms_rot,Pitch_rate_6D,0.30313333333333337,0.7639050252167381,0.038578669021477864,-0.03169733106033119,0.07660136065158354,0.0,0.3,0.7
IMU_LongAccelVal__rms,IMU_LongAccelVal,0.5058666666666667,0.7348273117887432,0.03586889679603253,0.03245268035779293,0.09599923253454293,0.0,0.5,0.5
IMU_VerAccelVal__p95_abs,IMU_VerAccelVal,0.35686666666666667,0.7694627009661372,0.03253696180368489,-0.0308334775803392,0.07092466740510665,0.0,0.3,0.7
Pitch_rate_6D__p2p_deriv,Pitch_rate_6D,0.3403333333333333,0.7715669233558644,0.03239572805776357,-0.06397584954604212,0.05550245225130775,0.0,0.4,0.6
IMU_VerAccelVal__rms,IMU_VerAccelVal,0.426,0.8283620079996237,0.03079296440769542,-0.025288769765080203,0.06816437253229299,0.0,0.4,0.6
IMU_LongAccelVal__crest,IMU_LongAccelVal,0.5970666666666666,0.7244186890606588,0.02848765406539915,-0.0398686774656322,0.1001597197172556,0.0,0.6,0.4
Pitch_rate_6D__impulse_abs,Pitch_rate_6D,0.2548666666666667,0.821933520663951,0.022945394643222834,0.047454453410159324,0.04078582231417836,0.0,0.2,0.8
IMU_VerAccelVal__impulse_abs,IMU_VerAccelVal,0.21606666666666668,0.7887018341650742,0.018289265020208716,-0.04061702438028644,0.029235241437717413,0.0,0.1,0.9
IMU_LongAccelVal__band_mid,IMU_LongAccelVal,0.30793333333333334,0.767854083160956,0.01579292169668282,0.00930356774001256,0.05771566827813231,0.0,0.3,0.7
IMU_LatAccelVal__p2p,IMU_LatAccelVal,0.1992,0.7937058291124539,0.012495052697057087,-0.009318107064501886,0.02742979160377875,0.0,0.1,0.9
IMU_LatAccelVal__std,IMU_LatAccelVal,0.16606666666666667,0.7624049071706256,0.011474804846835385,0.024625807332756953,0.02372271047399763,0.0,0.2,0.8
Bounce_rate_6D__crest,Bounce_rate_6D,0.30820000000000003,0.7799599705466,0.008683167087170339,0.021008759894937626,0.03590028969898136,0.0,0.2,0.8
IMU_LatAccelVal__sigma_sd,IMU_LatAccelVal,0.14673333333333333,0.7888835251297518,0.008181094446540995,-0.013848074298185997,0.022287312309693885,0.0,0.1,0.9
Pitch_rate_6D__band_low,Pitch_rate_6D,0.2764666666666667,0.7927268371056814,0.007529302012353406,0.014167102236036497,0.03425131074582512,0.0,0.1,0.9
Bounce_rate_6D__band_low,Bounce_rate_6D,0.25353333333333333,0.7365660531411529,0.006919798907022941,-0.0017748490700986365,0.03355443968039369,0.0,0.1,0.9
Pitch_rate_6D__crest,Pitch_rate_6D,0.2429333333333333,0.7598823938243103,0.006168848681229742,-0.003995634893458181,0.026904809597509162,0.0,0.2,0.8
Pitch_rate_6D__band_mid,Pitch_rate_6D,0.17966666666666667,0.7771587554640276,0.004490708442557426,0.013281461914538073,0.018708973430909874,0.0,0.1,0.9
IMU_LatAccelVal__abs_peak,IMU_LatAccelVal,0.1588,0.7448673740916307,0.004263797603497957,-0.00291104666418064,0.018691001124984,0.0,0.0,1.0
IMU_LatAccelVal__band_low,IMU_LatAccelVal,0.14073333333333332,0.7929666250250682,0.002455025460864937,0.004485609952756716,0.014082212643920239,0.0,0.0,1.0
IMU_LongAccelVal__sigma_sd,IMU_LongAccelVal,0.07666666666666666,0.7705542188742038,0.0018806666870979554,-0.005053212457922502,0.007711887398274482,0.0,0.0,1.0
IMU_LatAccelVal__rms,IMU_LatAccelVal,0.05740000000000001,0.7832939361497482,0.001188226526145442,0.0007889970400912251,0.00562558862922881,0.0,0.0,1.0
IMU_LatAccelVal__band_mid,IMU_LatAccelVal,0.0348,0.7943022503014159,0.00037915133248683065,0.001441496117984204,0.00238016990293715,0.0,0.0,1.0
IMU_LatAccelVal__crest,IMU_LatAccelVal,0.02013333333333333,0.7983592586557282,0.00019084218220320696,0.0008070261471306387,0.0013604600642763613,0.0,0.0,1.0
