method,t,metric,mean,se,n
proposed,0,ale_mean,0.16965177609686719,0.004252613202749511,10
proposed,0,auprc,0.8007558597002606,0.03550440835694187,10
proposed,0,aurc_epi,0.34742149579606746,0.029294992910042165,10
proposed,0,auroc,0.7440922234382328,0.04318862381763362,10
proposed,0,auroc_ci_hi,0.899891862834824,0.028752785406394882,10
proposed,0,auroc_ci_lo,0.29941488150264994,0.050421272194136724,10
proposed,0,brier,0.24692806423634966,0.01962475202085188,10
proposed,0,cal_intercept,-14.909045045216075,15.194063541955924,10
proposed,0,cal_slope,18.341088956336133,16.814072007824294,10
proposed,0,correctness_auroc_epi,0.6178576450653981,0.031223726037992082,10
proposed,0,correctness_auroc_total,0.6157220615826514,0.0588339788433672,10
proposed,0,eaurc_epi,0.22236893148514855,0.025638079861311693,10
proposed,0,ece,0.2640424319114576,0.039760989843935265,10
proposed,0,elpd,-88.5880551253379,36.034511858055716,10
proposed,0,epi_ale_spearman,-0.4136717644981621,0.08833657251509451,10
proposed,0,epi_mean,0.0435972538410153,0.0024729063847752017,10
proposed,0,mlpd,-0.6912135624591667,0.046416620090551856,10
proposed,0,n,131.6,53.602694791296535,10
proposed,0,n_offsets,2.8,0.19999999999999998,10
proposed,0,n_pos,70.3,27.655841255611,10
proposed,0,offset,58.3,26.07853523493986,10
proposed,0,reliable,0.0,0.0,10
proposed,0,reliable_frac,0.0,0.0,10
proposed,0,t,0.0,0.0,10
proposed,5,ale_mean,0.17822819185040595,0.003070843314524157,10
proposed,5,auprc,0.7988801986114628,0.03686986641704521,10
proposed,5,aurc_epi,0.29998652112550406,0.02248789227984433,10
proposed,5,auroc,0.7384915540368656,0.04543951458556163,10
proposed,5,auroc_ci_hi,0.9023381776217825,0.028218742939237824,10
proposed,5,auroc_ci_lo,0.3431448663510971,0.06704320023264172,10
proposed,5,brier,0.21458932686536883,0.007252926005260084,10
proposed,5,cal_intercept,-12.433453622407567,12.574153567400522,10
proposed,5,cal_slope,13.591694979282044,12.134576486159682,10
proposed,5,correctness_auroc_epi,0.6118760620209805,0.03099062172944029,10
proposed,5,correctness_auroc_total,0.6956896050781054,0.03895971034026881,10
proposed,5,eaurc_epi,0.20587641651184657,0.022197309739886085,10
proposed,5,ece,0.19892594504697506,0.02494555963657113,10
proposed,5,elpd,-76.8156062909294,30.487990375917796,10
proposed,5,epi_ale_spearman,-0.06553680308844098,0.09023319230742219,10
proposed,5,epi_mean,0.030124534336766106,0.0018658738461751947,10
proposed,5,mlpd,-0.617540105768753,0.016744697004238723,10
proposed,5,n,131.6,53.602694791296535,10
proposed,5,n_offsets,2.8,0.19999999999999998,10
proposed,5,n_pos,70.3,27.655841255611,10
proposed,5,offset,58.3,26.07853523493986,10
proposed,5,reliable,0.0,0.0,10
proposed,5,reliable_frac,0.0,0.0,10
proposed,5,t,5.0,0.0,10
proposed,10,ale_mean,0.18213886297646575,0.006195908785785813,8
proposed,10,auprc,0.7458448256792984,0.03789790412989958,8
proposed,10,aurc_epi,0.286092447967746,0.03493567109621718,8
proposed,10,auroc,0.7303650511656633,0.03532320463760842,8
proposed,10,auroc_ci_hi,0.8807224622374612,0.03049367230472385,8
proposed,10,auroc_ci_lo,0.44011306065288325,0.059496514079379406,8
proposed,10,brier,0.20913612003024828,0.00912534419528433,8
proposed,10,cal_intercept,-0.008382917540736834,0.26956707596274315,8
proposed,10,cal_slope,1.431966258671806,0.2974328663487445,8
proposed,10,correctness_auroc_epi,0.5815411690098471,0.02469595701049469,8
proposed,10,correctness_auroc_total,0.6488815395770451,0.029391733991994153,8
proposed,10,eaurc_epi,0.21339923175944697,0.02405482847185001,8
proposed,10,ece,0.18277290238184934,0.015481281872368746,8
proposed,10,elpd,-93.29427902908301,35.75935506363092,8
proposed,10,epi_ale_spearman,-0.05554128221252304,0.13459385650547928,8
proposed,10,epi_mean,0.023591215327638144,0.0011286391175692825,8
proposed,10,mlpd,-0.6057531269420435,0.0200942371694134,8
proposed,10,n,162.75,62.64575860685678,8
proposed,10,n_offsets,3.0,0.0,8
proposed,10,n_pos,86.5,32.27283244906951,8
proposed,10,offset,72.625,30.763462500180307,8
proposed,10,reliable,0.041666666666666664,0.04166666666666666,8
proposed,10,reliable_frac,0.041666666666666664,0.04166666666666666,8
proposed,10,t,10.0,0.0,8
proposed,20,ale_mean,0.18154184179815194,0.004577339272519356,5
proposed,20,auprc,0.791910007617054,0.03531352319758238,5
proposed,20,aurc_epi,0.20286968724020454,0.03077907992067827,5
proposed,20,auroc,0.7779083259793396,0.038645378263743146,5
proposed,20,auroc_ci_hi,0.8403760871516557,0.03350829611181601,5
proposed,20,auroc_ci_lo,0.6159491232977615,0.03934016767704336,5
proposed,20,brier,0.17986645369837656,0.008728284987367208,5
proposed,20,cal_intercept,-0.06022775092106051,0.33863365385213096,5
proposed,20,cal_slope,1.6554738382040484,0.3007318153607817,5
proposed,20,correctness_auroc_epi,0.6088678189617227,0.021232269324651186,5
proposed,20,correctness_auroc_total,0.6764570772363767,0.027680749399643774,5
proposed,20,eaurc_epi,0.16358263901839903,0.024083272613334757,5
proposed,20,ece,0.14381723065928376,0.021339419357307196,5
proposed,20,elpd,-138.41012451821797,46.7790195482503,5
proposed,20,epi_ale_spearman,0.3006878075504461,0.060591362614043257,5
proposed,20,epi_mean,0.016814773810150497,0.0008313691983330477,5
proposed,20,mlpd,-0.5398320611729891,0.01929985926763975,5
proposed,20,n,250.4,76.59412510108069,5
proposed,20,n_offsets,3.0,0.0,5
proposed,20,n_pos,133.0,38.40182287340016,5
proposed,20,offset,114.6,38.409113501876085,5
proposed,20,reliable,0.06666666666666667,0.06666666666666667,5
proposed,20,reliable_frac,0.06666666666666667,0.06666666666666667,5
proposed,20,t,20.0,0.0,5
proposed,final,ale_mean,0.17880164785436353,0.008601617107401146,10
proposed,final,auprc,0.7994593265094578,0.03728766348615164,10
proposed,final,aurc_epi,0.22455882570031188,0.028551093333327227,10
proposed,final,auroc,0.7385463719969636,0.0451625006056508,10
proposed,final,auroc_ci_hi,0.907769171749384,0.02844841006488339,10
proposed,final,auroc_ci_lo,0.4310170871539431,0.08769778664008512,10
proposed,final,brier,0.19121090927784973,0.011646088606970199,10
proposed,final,cal_intercept,-12.210634311374495,12.595270478137428,10
proposed,final,cal_slope,13.315188867692388,12.162874393723136,10
proposed,final,correctness_auroc_epi,0.6600079492745563,0.02841500176361002,10
proposed,final,correctness_auroc_total,0.7098699962314641,0.047424113358618465,10
proposed,final,eaurc_epi,0.15144502768114576,0.02294322474218917,10
proposed,final,ece,0.14519273624333146,0.024903154067463292,10
proposed,final,elpd,-68.97113225980499,29.114942224926253,10
proposed,final,epi_ale_spearman,0.29397108770990604,0.1815386272160218,10
proposed,final,epi_mean,0.013610936862500913,0.0031862039943587775,10
proposed,final,mlpd,-0.5621887289970203,0.026677652462759945,10
proposed,final,n,131.6,53.602694791296535,10
proposed,final,n_offsets,1.0,0.0,10
proposed,final,n_pos,70.3,27.655841255611,10
proposed,final,offset,0.0,0.0,10
proposed,final,reliable,0.1,0.09999999999999999,10
proposed,final,reliable_frac,0.1,0.09999999999999999,10
proposed,final,t,131.1,53.58553909405037,10
hb_full,0,ale_mean,0.16527899894743656,0.004881188059051134,10
hb_full,0,auprc,0.770102326060204,0.0312670910137003,10
hb_full,0,aurc_epi,0.3526323524640621,0.031396681795312686,10
hb_full,0,auroc,0.7047887086387074,0.03223979341824148,10
hb_full,0,auroc_ci_hi,0.8938568465517663,0.028966292798713964,10
hb_full,0,auroc_ci_lo,0.2943699002074714,0.05130488979613915,10
hb_full,0,brier,0.249892925456414,0.020202724419383616,10
hb_full,0,cal_intercept,-0.060050105010109524,0.7266883242842415,10
hb_full,0,cal_slope,1.9369717229900665,0.4835489158624576,10
hb_full,0,correctness_auroc_epi,0.6220725872471992,0.03176832325255873,10
hb_full,0,correctness_auroc_total,0.5981670739157334,0.041920363453508254,10
hb_full,0,eaurc_epi,0.22286729885885795,0.028684144459350983,10
hb_full,0,ece,0.24265439901467517,0.041630584758441044,10
hb_full,0,elpd,-88.80183226715987,36.40642671064484,10
hb_full,0,epi_ale_spearman,-0.49854003624538307,0.06160383794000002,10
hb_full,0,epi_mean,0.04827548735802735,0.0027343032814731998,10
hb_full,0,mlpd,-0.6998134984844468,0.04888649408177546,10
hb_full,0,n,131.6,53.602694791296535,10
hb_full,0,n_offsets,2.8,0.19999999999999998,10
hb_full,0,n_pos,70.3,27.655841255611,10
hb_full,0,offset,58.3,26.07853523493986,10
hb_full,0,reliable,0.0,0.0,10
hb_full,0,reliable_frac,0.0,0.0,10
hb_full,0,t,0.0,0.0,10
hb_full,5,ale_mean,0.17561682028512485,0.0032092447182930184,10
hb_full,5,auprc,0.7782847699596367,0.03827224197815416,10
hb_full,5,aurc_epi,0.29909105542970654,0.032189431530539235,10
hb_full,5,auroc,0.7160792655903931,0.03609562142375062,10
hb_full,5,auroc_ci_hi,0.8911100296791867,0.02729324156538674,10
hb_full,5,auroc_ci_lo,0.32998158299537717,0.06516442354040537,10
hb_full,5,brier,0.21550540799921278,0.008133214713227753,10
hb_full,5,cal_intercept,-0.40698297465905114,0.6907263618868245,10
hb_full,5,cal_slope,1.9521934169197628,0.5954826995532494,10
hb_full,5,correctness_auroc_epi,0.6094306318225815,0.03005230625388785,10
hb_full,5,correctness_auroc_total,0.6600907891172093,0.028722048480526126,10
hb_full,5,eaurc_epi,0.2091102123492646,0.027762919309924878,10
hb_full,5,ece,0.18881945610875658,0.025290976032758233,10
hb_full,5,elpd,-76.30423186165314,30.319082862450212,10
hb_full,5,epi_ale_spearman,-0.13086418710334743,0.09042357206194665,10
hb_full,5,epi_mean,0.034149934103147636,0.002374653675336246,10
hb_full,5,mlpd,-0.6206332633531821,0.01904691276730534,10
hb_full,5,n,131.6,53.602694791296535,10
hb_full,5,n_offsets,2.8,0.19999999999999998,10
hb_full,5,n_pos,70.3,27.655841255611,10
hb_full,5,offset,58.3,26.07853523493986,10
hb_full,5,reliable,0.0,0.0,10
hb_full,5,reliable_frac,0.0,0.0,10
hb_full,5,t,5.0,0.0,10
hb_full,10,ale_mean,0.17925436118852306,0.006247622418688659,8
hb_full,10,auprc,0.7376778545589597,0.0400598965732116,8
hb_full,10,aurc_epi,0.2519318805760278,0.028166397375230776,8
hb_full,10,auroc,0.7220641529474757,0.03611351264811085,8
hb_full,10,auroc_ci_hi,0.8642401721100494,0.025653903078623162,8
hb_full,10,auroc_ci_lo,0.43677603435011797,0.06316392517744339,8
hb_full,10,brier,0.20787836801344106,0.010682732894652228,8
hb_full,10,cal_intercept,0.03599835787387712,0.24673972972497712,8
hb_full,10,cal_slope,1.3271916914295603,0.28727197238554797,8
hb_full,10,correctness_auroc_epi,0.5997879924204765,0.02527372202946528,8
hb_full,10,correctness_auroc_total,0.6309755291623411,0.035675424777217746,8
hb_full,10,eaurc_epi,0.18537201188233327,0.021312878625668327,8
hb_full,10,ece,0.16235462357700137,0.01476023929583806,8
hb_full,10,elpd,-91.36998779296202,34.6889662085698,8
hb_full,10,epi_ale_spearman,-0.11436990199722369,0.1367859338144277,8
hb_full,10,epi_mean,0.026835979141790693,0.0009119464998874946,8
hb_full,10,mlpd,-0.6033464771043753,0.02376977023212989,8
hb_full,10,n,162.75,62.64575860685678,8
hb_full,10,n_offsets,3.0,0.0,8
hb_full,10,n_pos,86.5,32.27283244906951,8
hb_full,10,offset,72.625,30.763462500180307,8
hb_full,10,reliable,0.0,0.0,8
hb_full,10,reliable_frac,0.0,0.0,8
hb_full,10,t,10.0,0.0,8
hb_full,20,ale_mean,0.17745895254251565,0.004929124612788556,5
hb_full,20,auprc,0.7908556846890586,0.040866736967177304,5
hb_full,20,aurc_epi,0.20661298783230472,0.019815471070132457,5
hb_full,20,auroc,0.7796332653005971,0.03607187272063514,5
hb_full,20,auroc_ci_hi,0.835024708717827,0.032796535185509054,5
hb_full,20,auroc_ci_lo,0.6066282503764516,0.028729505339649113,5
hb_full,20,brier,0.17851074278555373,0.00948398961593951,5
hb_full,20,cal_intercept,0.008311031107404877,0.3274501614664994,5
hb_full,20,cal_slope,1.5514775668449137,0.27329762068091223,5
hb_full,20,correctness_auroc_epi,0.6057178850915966,0.01861213921176892,5
hb_full,20,correctness_auroc_total,0.690149927323106,0.024312492021860525,5
hb_full,20,eaurc_epi,0.1664603545524238,0.014474115722037325,5
hb_full,20,ece,0.13812334724574332,0.020666061159030188,5
hb_full,20,elpd,-136.97140180650024,46.125096762599945,5
hb_full,20,epi_ale_spearman,0.24821734671687637,0.062333628700954775,5
hb_full,20,epi_mean,0.019485480966286797,0.0008251237233269525,5
hb_full,20,mlpd,-0.5359905141126079,0.020893609951668595,5
hb_full,20,n,250.4,76.59412510108069,5
hb_full,20,n_offsets,3.0,0.0,5
hb_full,20,n_pos,133.0,38.40182287340016,5
hb_full,20,offset,114.6,38.409113501876085,5
hb_full,20,reliable,0.0,0.0,5
hb_full,20,reliable_frac,0.0,0.0,5
hb_full,20,t,20.0,0.0,5
hb_full,final,ale_mean,0.17825565518058503,0.008265468489745468,10
hb_full,final,auprc,0.7842251123620452,0.03968138723811915,10
hb_full,final,aurc_epi,0.2291102362976561,0.0429696010669299,10
hb_full,final,auroc,0.7274130123681384,0.031100175013280443,10
hb_full,final,auroc_ci_hi,0.898838239824193,0.026451777024159878,10
hb_full,final,auroc_ci_lo,0.4304953437489917,0.08642467921408883,10
hb_full,final,brier,0.19199387861415268,0.012176155038498197,10
hb_full,final,cal_intercept,-0.26437044194821874,0.6328643591967221,10
hb_full,final,cal_slope,1.720480824910906,0.5670733640755596,10
hb_full,final,correctness_auroc_epi,0.6346382051367266,0.032347779355941436,10
hb_full,final,correctness_auroc_total,0.6813795651843523,0.0329625745497124,10
hb_full,final,eaurc_epi,0.16091562192289258,0.032849772436347034,10
hb_full,final,ece,0.14474192854906986,0.019681670067518323,10
hb_full,final,elpd,-69.35144640887742,29.475549086284897,10
hb_full,final,epi_ale_spearman,0.19939649685425734,0.17693472450629258,10
hb_full,final,epi_mean,0.01639312214311674,0.003733490804231088,10
hb_full,final,mlpd,-0.5639226170885498,0.02816133995173879,10
hb_full,final,n,131.6,53.602694791296535,10
hb_full,final,n_offsets,1.0,0.0,10
hb_full,final,n_pos,70.3,27.655841255611,10
hb_full,final,offset,0.0,0.0,10
hb_full,final,reliable,0.1,0.09999999999999999,10
hb_full,final,reliable_frac,0.1,0.09999999999999999,10
hb_full,final,t,131.1,53.58553909405037,10
ebmap,0,ale_mean,0.12892615559159665,0.00507143715119609,10
ebmap,0,auprc,0.7762542337397161,0.02861271829324301,10
ebmap,0,aurc_epi,0.3926023382375776,0.050407928721874766,10
ebmap,0,auroc,0.6998261784616411,0.032031370103590084,10
ebmap,0,auroc_ci_hi,0.8776923633548035,0.031584285987093084,10
ebmap,0,auroc_ci_lo,0.2783943954585406,0.05564384993250339,10
ebmap,0,brier,0.2556783123644334,0.022957500571755718,10
ebmap,0,cal_intercept,-0.012271139239088158,0.6994688852538009,10
ebmap,0,cal_slope,1.7730635635312288,0.549128452024311,10
ebmap,0,correctness_auroc_epi,0.5190285032552945,0.03968891332148535,10
ebmap,0,correctness_auroc_total,0.5444232070381554,0.053381845719094316,10
ebmap,0,eaurc_epi,0.2819011576284833,0.037557993583569926,10
ebmap,0,ece,0.2641313211226684,0.04046733853826103,10
ebmap,0,elpd,-89.65190195118437,36.46534737016727,10
ebmap,0,epi_ale_spearman,-0.2023986531337166,0.11788090858358075,10
ebmap,0,epi_mean,0.07839795801068225,0.0014148877828215687,10
ebmap,0,mlpd,-0.7195784806154303,0.062181006759617546,10
ebmap,0,n,131.6,53.602694791296535,10
ebmap,0,n_offsets,2.8,0.19999999999999998,10
ebmap,0,n_pos,70.3,27.655841255611,10
ebmap,0,reliable,0.0,0.0,10
ebmap,0,reliable_frac,0.0,0.0,10
ebmap,5,ale_mean,0.14346083616710775,0.004122424263144756,10
ebmap,5,auprc,0.7598702058745089,0.03883740116203874,10
ebmap,5,aurc_epi,0.2760084251863455,0.023110080466404906,10
ebmap,5,auroc,0.6833292252343008,0.031100878727237647,10
ebmap,5,auroc_ci_hi,0.8766543439405492,0.030411634593974165,10
ebmap,5,auroc_ci_lo,0.2912074565926116,0.062460360251546734,10
ebmap,5,brier,0.22476430395334193,0.006740733085438201,10
ebmap,5,cal_intercept,0.23344734804178557,0.35261493152460854,10
ebmap,5,cal_slope,1.3181426222953716,0.38347736564673,10
ebmap,5,correctness_auroc_epi,0.6058849574611139,0.03735706185328573,10
ebmap,5,correctness_auroc_total,0.6276525713047721,0.025525337477672525,10
ebmap,5,eaurc_epi,0.18656601232899153,0.023027136320940597,10
ebmap,5,ece,0.23044096410004955,0.027915902053622963,10
ebmap,5,elpd,-80.83225006953379,32.370604991149634,10
ebmap,5,epi_ale_spearman,-0.14584608471757204,0.04594235594449994,10
ebmap,5,epi_mean,0.06641300133134678,0.002189078704850031,10
ebmap,5,mlpd,-0.640670034149973,0.014424126192242287,10
ebmap,5,n,131.6,53.602694791296535,10
ebmap,5,n_offsets,2.8,0.19999999999999998,10
ebmap,5,n_pos,70.3,27.655841255611,10
ebmap,5,reliable,0.0,0.0,10
ebmap,5,reliable_frac,0.0,0.0,10
ebmap,10,ale_mean,0.14862271717384673,0.0030166526763821962,8
ebmap,10,auprc,0.7252951618248734,0.036692497145769956,8
ebmap,10,aurc_epi,0.30174659733012044,0.032786082063634224,8
ebmap,10,auroc,0.6975193830051081,0.03663196985536291,8
ebmap,10,auroc_ci_hi,0.8464999221999752,0.028707430450721338,8
ebmap,10,auroc_ci_lo,0.3783599767642958,0.0577822365478511,8
ebmap,10,brier,0.22190812207973643,0.009509935546851603,8
ebmap,10,cal_intercept,0.11611975338171125,0.31754845074097887,8
ebmap,10,cal_slope,1.0002780675043934,0.18439918232362407,8
ebmap,10,correctness_auroc_epi,0.5415752973413155,0.031072437926734378,8
ebmap,10,correctness_auroc_total,0.5832684131656961,0.04381812269527277,8
ebmap,10,eaurc_epi,0.22961681487655522,0.026232074258403924,8
ebmap,10,ece,0.19048009079076728,0.01252597838069315,8
ebmap,10,elpd,-99.45104187209859,38.53242334782522,8
ebmap,10,epi_ale_spearman,-0.04231604865072693,0.09230005077534649,8
ebmap,10,epi_mean,0.05519233967560724,0.0015269939174199288,8
ebmap,10,mlpd,-0.6356891453137457,0.02171657462222287,8
ebmap,10,n,162.75,62.64575860685678,8
ebmap,10,n_offsets,3.0,0.0,8
ebmap,10,n_pos,86.5,32.27283244906951,8
ebmap,10,reliable,0.0,0.0,8
ebmap,10,reliable_frac,0.0,0.0,8
ebmap,20,ale_mean,0.151952770217352,0.0012732996958840083,5
ebmap,20,auprc,0.7736818052381821,0.046441138565402405,5
ebmap,20,aurc_epi,0.21335801349226294,0.019908639293561764,5
ebmap,20,auroc,0.7542111780088935,0.04051272704750508,5
ebmap,20,auroc_ci_hi,0.8097755219998518,0.0336727768029347,5
ebmap,20,auroc_ci_lo,0.5208966910473048,0.026036872120881103,5
ebmap,20,brier,0.19126790252495285,0.008466021226416381,5
ebmap,20,cal_intercept,0.052477766183288144,0.4458199511959285,5
ebmap,20,cal_slope,1.219595531908576,0.18920107323918472,5
ebmap,20,correctness_auroc_epi,0.6229302894369849,0.019378894741515208,5
ebmap,20,correctness_auroc_total,0.6860455524095119,0.02755203218286734,5
ebmap,20,eaurc_epi,0.16143917664533877,0.016022743196728223,5
ebmap,20,ece,0.15254741678631417,0.01721022642988849,5
ebmap,20,elpd,-144.8954381968243,48.418597611837846,5
ebmap,20,epi_ale_spearman,0.22853329510226952,0.03519693188657906,5
ebmap,20,epi_mean,0.04343243824957181,0.001214570815590295,5
ebmap,20,mlpd,-0.5655363515007056,0.020069571300543196,5
ebmap,20,n,250.4,76.59412510108069,5
ebmap,20,n_offsets,3.0,0.0,5
ebmap,20,n_pos,133.0,38.40182287340016,5
ebmap,20,reliable,0.0,0.0,5
ebmap,20,reliable_frac,0.0,0.0,5
ebmap,final,ale_mean,0.15354109837761357,0.00837506467694952,10
ebmap,final,auprc,0.7737900340075254,0.03278522007043884,10
ebmap,final,aurc_epi,0.245058447264084,0.049559596332123354,10
ebmap,final,auroc,0.6975659121192282,0.03738108107128549,10
ebmap,final,auroc_ci_hi,0.8949773079303208,0.029234464387883182,10
ebmap,final,auroc_ci_lo,0.40003964785589285,0.09495817021534216,10
ebmap,final,brier,0.1936550297302787,0.01120147322018891,10
ebmap,final,cal_intercept,0.27892840392273244,0.24521272005600778,10
ebmap,final,cal_slope,1.3317860796780163,0.37791012078108493,10
ebmap,final,correctness_auroc_epi,0.6370104608065227,0.05744333926238257,10
ebmap,final,correctness_auroc_total,0.6746485951287229,0.05834359725519017,10
ebmap,final,eaurc_epi,0.16634310686098647,0.041441795010260955,10
ebmap,final,ece,0.17503455128495454,0.029584503535477286,10
ebmap,final,elpd,-69.97455369154167,29.24860607924819,10
ebmap,final,epi_ale_spearman,0.3033825208121449,0.17311633909624694,10
ebmap,final,epi_mean,0.034972877988974346,0.008531546056553926,10
ebmap,final,mlpd,-0.5697630062582018,0.027171919407311836,10
ebmap,final,n,131.6,53.602694791296535,10
ebmap,final,n_offsets,1.0,0.0,10
ebmap,final,n_pos,70.3,27.655841255611,10
ebmap,final,reliable,0.1,0.09999999999999999,10
ebmap,final,reliable_frac,0.1,0.09999999999999999,10
pooled,0,auprc,0.7625694262493673,0.0503148686498938,10
pooled,0,aurc_total,0.35040197554648894,0.05937472213216031,10
pooled,0,auroc,0.6916841055141562,0.043149823890670694,10
pooled,0,brier,0.2552310054565221,0.02287501155255818,10
pooled,0,cal_intercept,0.2852898377871185,0.3678605951947749,10
pooled,0,cal_slope,1.0883217137156875,0.262035781386278,10
pooled,0,correctness_auroc_total,0.540861740821581,0.04080906533252869,10
pooled,0,eaurc_total,0.23138222660165333,0.034175705830902584,10
pooled,0,ece,0.2815606700732022,0.033472471829425365,10
pooled,0,elpd,-93.89478951150373,39.42677931880987,10
pooled,0,mlpd,-0.7170320319953982,0.05709236608975407,10
pooled,0,n,131.6,53.602694791296535,10
pooled,0,n_offsets,2.8,0.19999999999999998,10
pooled,0,n_pos,70.3,27.655841255611,10
pooled,5,auprc,0.7627555838022059,0.05022883612204036,10
pooled,5,aurc_total,0.3443009332958048,0.06207782625336256,10
pooled,5,auroc,0.6909423468306733,0.04332735258201223,10
pooled,5,brier,0.25399034652801994,0.022464091115491205,10
pooled,5,cal_intercept,0.2810757718116895,0.36814683280965915,10
pooled,5,cal_slope,1.099546968649511,0.2644511643749225,10
pooled,5,correctness_auroc_total,0.5615078802932538,0.04541966847625102,10
pooled,5,eaurc_total,0.22700395794709483,0.037008150914939614,10
pooled,5,ece,0.28018324609733536,0.033171797439725974,10
pooled,5,elpd,-93.57665407516174,39.24681311243032,10
pooled,5,mlpd,-0.713670691160657,0.055639323510116634,10
pooled,5,n,131.6,53.602694791296535,10
pooled,5,n_offsets,2.8,0.19999999999999998,10
pooled,5,n_pos,70.3,27.655841255611,10
pooled,10,auprc,0.7263135404006762,0.054848320393354195,8
pooled,10,aurc_total,0.3189694062800207,0.03539980086175103,8
pooled,10,auroc,0.7121970119058059,0.02864654236317464,8
pooled,10,brier,0.2390717705569214,0.010215527703263972,8
pooled,10,cal_intercept,0.1424758733099136,0.3956507345800001,8
pooled,10,cal_slope,1.1654653983566097,0.2696309721924598,8
pooled,10,correctness_auroc_total,0.5828162504184904,0.030478725298943264,8
pooled,10,eaurc_total,0.2170439522960272,0.02490241556237587,8
pooled,10,ece,0.24563856844572274,0.021553890166104588,8
pooled,10,elpd,-115.02395662270676,46.09369298373962,8
pooled,10,mlpd,-0.6745854067863954,0.023316874246744557,8
pooled,10,n,162.75,62.64575860685678,8
pooled,10,n_offsets,3.0,0.0,8
pooled,10,n_pos,86.5,32.27283244906951,8
pooled,20,auprc,0.6964968928562241,0.08034129621993212,5
pooled,20,aurc_total,0.3446832504471363,0.031405482797068736,5
pooled,20,auroc,0.7182305847634962,0.024417084675781544,5
pooled,20,brier,0.24634884429347345,0.009215176315303827,5
pooled,20,cal_intercept,0.08728416475509522,0.6412280909447263,5
pooled,20,cal_slope,0.972892974218688,0.11611190374321392,5
pooled,20,correctness_auroc_total,0.6121465165839464,0.018047711949687045,5
pooled,20,eaurc_total,0.2335962193991262,0.020978552307897455,5
pooled,20,ece,0.24985709221991753,0.0283800858556134,5
pooled,20,elpd,-177.04220548473126,57.58897418985838,5
pooled,20,mlpd,-0.6923719613704311,0.022552065554595695,5
pooled,20,n,250.4,76.59412510108069,5
pooled,20,n_offsets,3.0,0.0,5
pooled,20,n_pos,133.0,38.40182287340016,5
pooled,final,auprc,0.7684603441090425,0.04862059924058824,10
pooled,final,aurc_total,0.32217419346975584,0.06194828637165314,10
pooled,final,auroc,0.6949083844151,0.04420048691770551,10
pooled,final,brier,0.24430940325662914,0.022131428950412174,10
pooled,final,cal_intercept,0.2867191639068726,0.34959746739450026,10
pooled,final,cal_slope,1.1437162314982545,0.26184803688995245,10
pooled,final,correctness_auroc_total,0.5732996321580187,0.0470881335383975,10
pooled,final,eaurc_total,0.21440681502898537,0.036590633055396886,10
pooled,final,ece,0.2666738764497052,0.03407160981689148,10
pooled,final,elpd,-86.50451578504583,34.96023687277724,10
pooled,final,mlpd,-0.690634153773916,0.05424250574855413,10
pooled,final,n,131.6,53.602694791296535,10
pooled,final,n_offsets,1.0,0.0,10
pooled,final,n_pos,70.3,27.655841255611,10
indep,5,auprc,0.7040925130205838,0.04755992883444168,10
indep,5,aurc_total,0.33742324882652663,0.03382805044646883,10
indep,5,auroc,0.5918461198324129,0.03216562815814236,10
indep,5,brier,0.27383719084961156,0.018232371650944896,10
indep,5,cal_intercept,0.4313124652150983,0.3285099805673967,10
indep,5,cal_slope,0.35267169281270533,0.08712719600624252,10
indep,5,correctness_auroc_total,0.5568069239272673,0.029723856829649283,10
indep,5,eaurc_total,0.22830282131413543,0.020761855482834407,10
indep,5,ece,0.301053289729935,0.030961225037510164,10
indep,5,elpd,-100.70677967270885,40.6452126877946,10
indep,5,mlpd,-0.8235187637890926,0.0498269962797652,10
indep,5,n,131.6,53.602694791296535,10
indep,5,n_offsets,2.8,0.19999999999999998,10
indep,5,n_pos,70.3,27.655841255611,10
indep,10,auprc,0.6689660905970258,0.053168341424608315,8
indep,10,aurc_total,0.3690175774492662,0.03406101293587023,8
indep,10,auroc,0.6252974582886466,0.03272794137920245,8
indep,10,brier,0.29413161437679947,0.01344754495865409,8
indep,10,cal_intercept,0.37247251559434974,0.31502958864969566,8
indep,10,cal_slope,0.21386863105203693,0.09797496059290513,8
indep,10,correctness_auroc_total,0.5774881934742839,0.0343857204995771,8
indep,10,eaurc_total,0.24616750316136177,0.025228461620865793,8
indep,10,ece,0.28756178404089,0.019893538863997095,8
indep,10,elpd,-146.56633902189378,58.10387775281226,8
indep,10,mlpd,-0.9112154814531277,0.04293152079500075,8
indep,10,n,162.75,62.64575860685678,8
indep,10,n_offsets,3.0,0.0,8
indep,10,n_pos,86.5,32.27283244906951,8
indep,20,auprc,0.7014997130984892,0.0708127624967716,5
indep,20,aurc_total,0.28668483694777913,0.021019782670824036,5
indep,20,auroc,0.6790847545012031,0.027834905498286374,5
indep,20,brier,0.2614312095709591,0.012484914425749638,5
indep,20,cal_intercept,0.1675603246829401,0.5096163122553808,5
indep,20,cal_slope,0.3315596365606249,0.048779075621909175,5
indep,20,correctness_auroc_total,0.6239251444441227,0.014162956933100667,5
indep,20,eaurc_total,0.201253068270703,0.014241932690946498,5
indep,20,ece,0.23535252479612107,0.015598354872549357,5
indep,20,elpd,-210.76137488012918,69.58496405522199,5
indep,20,mlpd,-0.8385451723165731,0.04236387322299994,5
indep,20,n,250.4,76.59412510108069,5
indep,20,n_offsets,3.0,0.0,5
indep,20,n_pos,133.0,38.40182287340016,5
indep,final,auprc,0.7524573580346664,0.04301868433472276,10
indep,final,aurc_total,0.23206272497143282,0.04606758566076931,10
indep,final,auroc,0.702765169830158,0.02925317132764036,10
indep,final,brier,0.2178528616287823,0.02450369649562524,10
indep,final,cal_intercept,0.44992559500633267,0.19815256271163792,10
indep,final,cal_slope,0.5502451713883901,0.08580397449148287,10
indep,final,correctness_auroc_total,0.6017967373676337,0.04475198918205453,10
indep,final,eaurc_total,0.16290666823114205,0.028364210115709703,10
indep,final,ece,0.22130128002188756,0.04299747758343153,10
indep,final,elpd,-77.00514955983832,30.155616773166788,10
indep,final,mlpd,-0.672613932406411,0.07325308317126854,10
indep,final,n,131.6,53.602694791296535,10
indep,final,n_offsets,1.0,0.0,10
indep,final,n_pos,70.3,27.655841255611,10
