candidate,n_features,mlpd_mean,mlpd_se,delta_vs_full,se_delta,n_folds
k=1,1,-0.6510071392976646,0.044624718038425666,0.02038115126541138,0.01111180817210258,10
k=2,2,-0.6558436932199601,0.0443125291504213,0.015544597343115984,0.009180567536658375,10
k=3,3,-0.6601591996692302,0.04727336889708199,0.01122909089384586,0.009364112521568442,10
k=4,4,-0.6613368603971569,0.04713551578563831,0.010051430165919185,0.008336253234489324,10
k=5,5,-0.6501935643269613,0.04185821012264562,0.02119472623611478,0.012917911130520914,10
k=6,6,-0.6534836246884301,0.04135182865136679,0.017904665874645863,0.01148132261191007,10
k=8,8,-0.665079209841155,0.046769933625148086,0.006309080721921023,0.006892782144702157,10
k=10,10,-0.6679638926446992,0.0526761610390868,0.003424397918376831,0.011140682376282775,10
k=12,12,-0.6826536207049905,0.05774431717946268,-0.011265330141914377,0.013224995674455715,10
k=15,15,-0.6736561722481375,0.05006784221286368,-0.002267881685061435,0.00914629170010639,10
k=20,20,-0.6655680145213798,0.043574099067921396,0.005820276041696248,0.006612471574321397,10
k=25,25,-0.6755239621788414,0.04952937563080653,-0.004135671615765257,0.005703739453831968,10
k=30,30,-0.6727301839071522,0.04711503680802067,-0.0013418933440761172,0.002507314624552431,10
k=40,40,-0.778190078852795,0.1666242861247163,-0.013248914644605389,0.011854255484257469,3
full,40,-0.671388290563076,0.045744550975281226,0.0,0.0,10
pip,10,-0.6771677463999796,0.060639795818598484,-0.005779455836903469,0.016688573828184942,10
