best_score,fold,adapt_neg_weight,adapt_user_softmax_temp,gcf_emb_dim,gcf_lr,item_item_weight,knn_k,rm_lr
-0.5834427896898001,강신길,1.0,0.5,32,0.0007,2.0,10,0.001
-0.6694182268676089,김재호,0.0,2.0,16,0.0002,2.0,30,0.0001
-0.6543071877599331,김진명,0.0,2.0,16,0.002,2.0,100,0.001
-0.657346599521688,김태근,0.0,2.0,16,0.0002,2.0,30,0.0001
-0.6073866103523188,박재일,0.5,0.5,16,0.0002,2.0,10,0.001
-0.656269544075704,신민철,0.0,2.0,16,0.002,2.0,100,0.001
-0.6628078945711627,이강근,0.0,2.0,16,0.0002,2.0,30,0.0001
-0.6399284360215648,이지환,1.0,2.0,64,0.0002,1.0,10,0.0003
-0.5957560388918344,조현석,0.5,0.5,64,0.0002,1.0,10,0.0003
-0.5772893993258695,한규택,0.0,2.0,16,0.002,2.0,100,0.001
