setting,t,metric,mean,se,n,rho_cross,n_edges,n_components
norm=0.0/temp=0.25/ev=none,0,mlpd,-0.7164411779323746,0.05847676942531562,10,0.6599663333003267,50495,1
norm=0.0/temp=0.25/ev=none,5,mlpd,-0.7167111508715754,0.04185544390968273,10,0.6599663333003267,50495,1
norm=0.0/temp=0.25/ev=none,10,mlpd,-0.6638413461494375,0.038700687394589,8,0.6599663333003267,50495,1
norm=0.0/temp=0.25/ev=none,20,mlpd,-0.6475617670176927,0.0840049250510722,5,0.6599663333003267,50495,1
norm=0.0/temp=0.25/ev=none,final,mlpd,-0.6917231551013789,0.06267237716904384,10,0.6599663333003267,50495,1
norm=0.0/temp=0.25/ev=unit,0,mlpd,-0.7164411779323746,0.05847676942531562,10,0.6599663333003267,50495,1
norm=0.0/temp=0.25/ev=unit,5,mlpd,-0.8194178814988066,0.05869885181604122,10,0.6599663333003267,50495,1
norm=0.0/temp=0.25/ev=unit,10,mlpd,-0.688626806510841,0.05203263941093994,8,0.6599663333003267,50495,1
norm=0.0/temp=0.25/ev=unit,20,mlpd,-0.6819421407956763,0.09207894594035464,5,0.6599663333003267,50495,1
norm=0.0/temp=0.25/ev=unit,final,mlpd,-0.7190379611890851,0.0636516382659783,10,0.6599663333003267,50495,1
norm=0.0/temp=0.5/ev=none,0,mlpd,-0.7164411779323746,0.05847676942531562,10,0.6599663333003267,50495,1
norm=0.0/temp=0.5/ev=none,5,mlpd,-0.7026087959656163,0.04466862067575297,10,0.6599663333003267,50495,1
norm=0.0/temp=0.5/ev=none,10,mlpd,-0.6551904504411932,0.03053642195785748,8,0.6599663333003267,50495,1
norm=0.0/temp=0.5/ev=none,20,mlpd,-0.6345129594177003,0.07160411587691397,5,0.6599663333003267,50495,1
norm=0.0/temp=0.5/ev=none,final,mlpd,-0.6744160791734252,0.061055453512324394,10,0.6599663333003267,50495,1
norm=0.0/temp=0.5/ev=unit,0,mlpd,-0.7164411779323746,0.05847676942531562,10,0.6599663333003267,50495,1
norm=0.0/temp=0.5/ev=unit,5,mlpd,-0.7839036857009256,0.05217086412600094,10,0.6599663333003267,50495,1
norm=0.0/temp=0.5/ev=unit,10,mlpd,-0.6891378717307105,0.04607363940448819,8,0.6599663333003267,50495,1
norm=0.0/temp=0.5/ev=unit,20,mlpd,-0.6703909006061177,0.09226294151021161,5,0.6599663333003267,50495,1
norm=0.0/temp=0.5/ev=unit,final,mlpd,-0.7091740707503476,0.062388220612255074,10,0.6599663333003267,50495,1
norm=0.0/temp=1.0/ev=none,0,mlpd,-0.7164411779323746,0.05847676942531562,10,0.6599663333003267,50495,1
norm=0.0/temp=1.0/ev=none,5,mlpd,-0.7043106373861135,0.050047572169495916,10,0.6599663333003267,50495,1
norm=0.0/temp=1.0/ev=none,10,mlpd,-0.655838828540442,0.023040600951761143,8,0.6599663333003267,50495,1
norm=0.0/temp=1.0/ev=none,20,mlpd,-0.6376981915057962,0.057143576094184356,5,0.6599663333003267,50495,1
norm=0.0/temp=1.0/ev=none,final,mlpd,-0.6632564520119193,0.06396344088293872,10,0.6599663333003267,50495,1
norm=0.0/temp=1.0/ev=unit,0,mlpd,-0.7164411779323746,0.05847676942531562,10,0.6599663333003267,50495,1
norm=0.0/temp=1.0/ev=unit,5,mlpd,-0.7515759342241062,0.0459889330882378,10,0.6599663333003267,50495,1
norm=0.0/temp=1.0/ev=unit,10,mlpd,-0.669698526374196,0.040788617770425174,8,0.6599663333003267,50495,1
norm=0.0/temp=1.0/ev=unit,20,mlpd,-0.6466444275263957,0.08006166603398486,5,0.6599663333003267,50495,1
norm=0.0/temp=1.0/ev=unit,final,mlpd,-0.698837456081258,0.06295169859779873,10,0.6599663333003267,50495,1
norm=0.0/temp=2.0/ev=none,0,mlpd,-0.7164411779323746,0.05847676942531562,10,0.6599663333003267,50495,1
norm=0.0/temp=2.0/ev=none,5,mlpd,-0.708924079475111,0.05400322940494548,10,0.6599663333003267,50495,1
norm=0.0/temp=2.0/ev=none,10,mlpd,-0.6638834264162711,0.019898006605012553,8,0.6599663333003267,50495,1
norm=0.0/temp=2.0/ev=none,20,mlpd,-0.6560469875213253,0.04270361080760405,5,0.6599663333003267,50495,1
norm=0.0/temp=2.0/ev=none,final,mlpd,-0.661950570751259,0.06968602553527674,10,0.6599663333003267,50495,1
norm=0.0/temp=2.0/ev=unit,0,mlpd,-0.7164411779323746,0.05847676942531562,10,0.6599663333003267,50495,1
norm=0.0/temp=2.0/ev=unit,5,mlpd,-0.7168334628046592,0.04082040883675752,10,0.6599663333003267,50495,1
norm=0.0/temp=2.0/ev=unit,10,mlpd,-0.6573505351832426,0.030875125047107498,8,0.6599663333003267,50495,1
norm=0.0/temp=2.0/ev=unit,20,mlpd,-0.6365755490978209,0.06201508948875893,5,0.6599663333003267,50495,1
norm=0.0/temp=2.0/ev=unit,final,mlpd,-0.6696116563846864,0.055310263543387014,10,0.6599663333003267,50495,1
norm=0.0/temp=4.0/ev=none,0,mlpd,-0.7164411779323746,0.05847676942531562,10,0.6599663333003267,50495,1
norm=0.0/temp=4.0/ev=none,5,mlpd,-0.7123780641052158,0.05616943202461677,10,0.6599663333003267,50495,1
norm=0.0/temp=4.0/ev=none,10,mlpd,-0.6702713256488788,0.019636382430657413,8,0.6599663333003267,50495,1
norm=0.0/temp=4.0/ev=none,20,mlpd,-0.6752493746632676,0.033526557216150575,5,0.6599663333003267,50495,1
norm=0.0/temp=4.0/ev=none,final,mlpd,-0.66746844657945,0.07234376244251796,10,0.6599663333003267,50495,1
norm=0.0/temp=4.0/ev=unit,0,mlpd,-0.7164411779323746,0.05847676942531562,10,0.6599663333003267,50495,1
norm=0.0/temp=4.0/ev=unit,5,mlpd,-0.7048982398964734,0.0455023110251595,10,0.6599663333003267,50495,1
norm=0.0/temp=4.0/ev=unit,10,mlpd,-0.6591219644622683,0.020193317573270083,8,0.6599663333003267,50495,1
norm=0.0/temp=4.0/ev=unit,20,mlpd,-0.6541817786691971,0.04276887647305975,5,0.6599663333003267,50495,1
norm=0.0/temp=4.0/ev=unit,final,mlpd,-0.6739681378710116,0.05083817168525135,10,0.6599663333003267,50495,1
norm=0.5/temp=0.25/ev=none,0,mlpd,-0.7164411779323746,0.05847676942531562,10,0.6599663333003267,50495,1
norm=0.5/temp=0.25/ev=none,5,mlpd,-0.6955519908316781,0.04343947140782108,10,0.6599663333003267,50495,1
norm=0.5/temp=0.25/ev=none,10,mlpd,-0.6487224151750033,0.028787919747697024,8,0.6599663333003267,50495,1
norm=0.5/temp=0.25/ev=none,20,mlpd,-0.632945592087062,0.067556396348676,5,0.6599663333003267,50495,1
norm=0.5/temp=0.25/ev=none,final,mlpd,-0.6671055150316195,0.05969852997465411,10,0.6599663333003267,50495,1
norm=0.5/temp=0.25/ev=unit,0,mlpd,-0.7164411779323746,0.05847676942531562,10,0.6599663333003267,50495,1
norm=0.5/temp=0.25/ev=unit,5,mlpd,-0.8046402685520772,0.059679157151196635,10,0.6599663333003267,50495,1
norm=0.5/temp=0.25/ev=unit,10,mlpd,-0.6949423520571518,0.05961608598208201,8,0.6599663333003267,50495,1
norm=0.5/temp=0.25/ev=unit,20,mlpd,-0.6369338973459626,0.07960858052006395,5,0.6599663333003267,50495,1
norm=0.5/temp=0.25/ev=unit,final,mlpd,-0.7156797554588502,0.06582220852933679,10,0.6599663333003267,50495,1
norm=0.5/temp=0.5/ev=none,0,mlpd,-0.7164411779323746,0.05847676942531562,10,0.6599663333003267,50495,1
norm=0.5/temp=0.5/ev=none,5,mlpd,-0.6993835480759654,0.04856366962626035,10,0.6599663333003267,50495,1
norm=0.5/temp=0.5/ev=none,10,mlpd,-0.6501852467118908,0.024280236471608933,8,0.6599663333003267,50495,1
norm=0.5/temp=0.5/ev=none,20,mlpd,-0.6353196127455872,0.056335132993088795,5,0.6599663333003267,50495,1
norm=0.5/temp=0.5/ev=none,final,mlpd,-0.657917758681069,0.06404480761595334,10,0.6599663333003267,50495,1
norm=0.5/temp=0.5/ev=unit,0,mlpd,-0.7164411779323746,0.05847676942531562,10,0.6599663333003267,50495,1
norm=0.5/temp=0.5/ev=unit,5,mlpd,-0.7939559531924869,0.05509351670522881,10,0.6599663333003267,50495,1
norm=0.5/temp=0.5/ev=unit,10,mlpd,-0.686099763939062,0.045677992441867744,8,0.6599663333003267,50495,1
norm=0.5/temp=0.5/ev=unit,20,mlpd,-0.6362593918069561,0.0770229109647443,5,0.6599663333003267,50495,1
norm=0.5/temp=0.5/ev=unit,final,mlpd,-0.7177241733589311,0.06798559607203303,10,0.6599663333003267,50495,1
norm=0.5/temp=1.0/ev=none,0,mlpd,-0.7164411779323746,0.05847676942531562,10,0.6599663333003267,50495,1
norm=0.5/temp=1.0/ev=none,5,mlpd,-0.7063168581300961,0.05298401929241018,10,0.6599663333003267,50495,1
norm=0.5/temp=1.0/ev=none,10,mlpd,-0.6608256615351498,0.020618511126783225,8,0.6599663333003267,50495,1
norm=0.5/temp=1.0/ev=none,20,mlpd,-0.6521934501003487,0.04363163835552225,5,0.6599663333003267,50495,1
norm=0.5/temp=1.0/ev=none,final,mlpd,-0.6646605752762043,0.0708482246783524,10,0.6599663333003267,50495,1
norm=0.5/temp=1.0/ev=unit,0,mlpd,-0.7164411779323746,0.05847676942531562,10,0.6599663333003267,50495,1
norm=0.5/temp=1.0/ev=unit,5,mlpd,-0.7494508840033338,0.04598976325710856,10,0.6599663333003267,50495,1
norm=0.5/temp=1.0/ev=unit,10,mlpd,-0.6650754316478225,0.03320677571493511,8,0.6599663333003267,50495,1
norm=0.5/temp=1.0/ev=unit,20,mlpd,-0.6314927972197744,0.06645999762686987,5,0.6599663333003267,50495,1
norm=0.5/temp=1.0/ev=unit,final,mlpd,-0.6878080155177517,0.060827943533960274,10,0.6599663333003267,50495,1
norm=0.5/temp=2.0/ev=none,0,mlpd,-0.7164411779323746,0.05847676942531562,10,0.6599663333003267,50495,1
norm=0.5/temp=2.0/ev=none,5,mlpd,-0.7110761663535794,0.055591318553752496,10,0.6599663333003267,50495,1
norm=0.5/temp=2.0/ev=none,10,mlpd,-0.668848754501614,0.019892126554289822,8,0.6599663333003267,50495,1
norm=0.5/temp=2.0/ev=none,20,mlpd,-0.6727742785937377,0.0341275087651235,5,0.6599663333003267,50495,1
norm=0.5/temp=2.0/ev=none,final,mlpd,-0.6734439439000055,0.07193504462177552,10,0.6599663333003267,50495,1
norm=0.5/temp=2.0/ev=unit,0,mlpd,-0.7164411779323746,0.05847676942531562,10,0.6599663333003267,50495,1
norm=0.5/temp=2.0/ev=unit,5,mlpd,-0.7094350688964528,0.042088371301675545,10,0.6599663333003267,50495,1
norm=0.5/temp=2.0/ev=unit,10,mlpd,-0.6539634135873172,0.024609578322066453,8,0.6599663333003267,50495,1
norm=0.5/temp=2.0/ev=unit,20,mlpd,-0.6350413272660841,0.052074982578103425,5,0.6599663333003267,50495,1
norm=0.5/temp=2.0/ev=unit,final,mlpd,-0.663135831710516,0.053942716204179425,10,0.6599663333003267,50495,1
norm=0.5/temp=4.0/ev=none,0,mlpd,-0.7164411779323746,0.05847676942531562,10,0.6599663333003267,50495,1
norm=0.5/temp=4.0/ev=none,5,mlpd,-0.7136767330491499,0.05698277920873979,10,0.6599663333003267,50495,1
norm=0.5/temp=4.0/ev=none,10,mlpd,-0.6733020286647191,0.020157091568719827,8,0.6599663333003267,50495,1
norm=0.5/temp=4.0/ev=none,20,mlpd,-0.6855298482067033,0.030592955606776266,5,0.6599663333003267,50495,1
norm=0.5/temp=4.0/ev=none,final,mlpd,-0.6787415546592996,0.0677137987835949,10,0.6599663333003267,50495,1
norm=0.5/temp=4.0/ev=unit,0,mlpd,-0.7164411779323746,0.05847676942531562,10,0.6599663333003267,50495,1
norm=0.5/temp=4.0/ev=unit,5,mlpd,-0.7050899790803526,0.047669068471346276,10,0.6599663333003267,50495,1
norm=0.5/temp=4.0/ev=unit,10,mlpd,-0.6599070716767246,0.01970683015892033,8,0.6599663333003267,50495,1
norm=0.5/temp=4.0/ev=unit,20,mlpd,-0.6577846473280118,0.03781002628672896,5,0.6599663333003267,50495,1
norm=0.5/temp=4.0/ev=unit,final,mlpd,-0.6757581092092662,0.05178203452168868,10,0.6599663333003267,50495,1
norm=1.0/temp=0.25/ev=none,0,mlpd,-0.7164411779323746,0.05847676942531562,10,0.6599663333003267,50495,1
norm=1.0/temp=0.25/ev=none,5,mlpd,-0.696906697267761,0.048210833685286496,10,0.6599663333003267,50495,1
norm=1.0/temp=0.25/ev=none,10,mlpd,-0.6466951186799801,0.018291266393413632,8,0.6599663333003267,50495,1
norm=1.0/temp=0.25/ev=none,20,mlpd,-0.637788068950855,0.02592795743303222,5,0.6599663333003267,50495,1
norm=1.0/temp=0.25/ev=none,final,mlpd,-0.663935199259658,0.06187351674182739,10,0.6599663333003267,50495,1
norm=1.0/temp=0.25/ev=unit,0,mlpd,-0.7164411779323746,0.05847676942531562,10,0.6599663333003267,50495,1
norm=1.0/temp=0.25/ev=unit,5,mlpd,-0.7184735880047323,0.050426329398710695,10,0.6599663333003267,50495,1
norm=1.0/temp=0.25/ev=unit,10,mlpd,-0.6606299706279276,0.029044554940160318,8,0.6599663333003267,50495,1
norm=1.0/temp=0.25/ev=unit,20,mlpd,-0.6381807543056627,0.039468290314758396,5,0.6599663333003267,50495,1
norm=1.0/temp=0.25/ev=unit,final,mlpd,-0.685819950551946,0.061464013721953266,10,0.6599663333003267,50495,1
norm=1.0/temp=0.5/ev=none,0,mlpd,-0.7164411779323746,0.05847676942531562,10,0.6599663333003267,50495,1
norm=1.0/temp=0.5/ev=none,5,mlpd,-0.7013775249851363,0.051127496191097875,10,0.6599663333003267,50495,1
norm=1.0/temp=0.5/ev=none,10,mlpd,-0.6532898519149235,0.018835787021083388,8,0.6599663333003267,50495,1
norm=1.0/temp=0.5/ev=none,20,mlpd,-0.6394331445746252,0.03126678997164332,5,0.6599663333003267,50495,1
norm=1.0/temp=0.5/ev=none,final,mlpd,-0.650828360963752,0.057330637770556324,10,0.6599663333003267,50495,1
norm=1.0/temp=0.5/ev=unit,0,mlpd,-0.7164411779323746,0.05847676942531562,10,0.6599663333003267,50495,1
norm=1.0/temp=0.5/ev=unit,5,mlpd,-0.7060982255226692,0.046535859310775536,10,0.6599663333003267,50495,1
norm=1.0/temp=0.5/ev=unit,10,mlpd,-0.6523251015193616,0.021018153939175655,8,0.6599663333003267,50495,1
norm=1.0/temp=0.5/ev=unit,20,mlpd,-0.6363237058816434,0.028155004302955353,5,0.6599663333003267,50495,1
norm=1.0/temp=0.5/ev=unit,final,mlpd,-0.6647413631958244,0.059411259402099764,10,0.6599663333003267,50495,1
norm=1.0/temp=1.0/ev=none,0,mlpd,-0.7164411779323746,0.05847676942531562,10,0.6599663333003267,50495,1
norm=1.0/temp=1.0/ev=none,5,mlpd,-0.7074675375851978,0.053951805796823966,10,0.6599663333003267,50495,1
norm=1.0/temp=1.0/ev=none,10,mlpd,-0.6632472490932706,0.019572621089455754,8,0.6599663333003267,50495,1
norm=1.0/temp=1.0/ev=none,20,mlpd,-0.6601742086398773,0.03206819314041669,5,0.6599663333003267,50495,1
norm=1.0/temp=1.0/ev=none,final,mlpd,-0.6424625993326447,0.057772623238703476,10,0.6599663333003267,50495,1
norm=1.0/temp=1.0/ev=unit,0,mlpd,-0.7164411779323746,0.05847676942531562,10,0.6599663333003267,50495,1
norm=1.0/temp=1.0/ev=unit,5,mlpd,-0.7013878180111857,0.04599402762954176,10,0.6599663333003267,50495,1
norm=1.0/temp=1.0/ev=unit,10,mlpd,-0.6514481627711043,0.01638424009558693,8,0.6599663333003267,50495,1
norm=1.0/temp=1.0/ev=unit,20,mlpd,-0.6432628707581138,0.027165253402302584,5,0.6599663333003267,50495,1
norm=1.0/temp=1.0/ev=unit,final,mlpd,-0.6578111272991153,0.05468620776605356,10,0.6599663333003267,50495,1
norm=1.0/temp=2.0/ev=none,0,mlpd,-0.7164411779323746,0.05847676942531562,10,0.6599663333003267,50495,1
norm=1.0/temp=2.0/ev=none,5,mlpd,-0.7116552775050093,0.055952991751134246,10,0.6599663333003267,50495,1
norm=1.0/temp=2.0/ev=none,10,mlpd,-0.6702786125810063,0.02005980459055274,8,0.6599663333003267,50495,1
norm=1.0/temp=2.0/ev=none,20,mlpd,-0.6785850681822009,0.030087077481049457,5,0.6599663333003267,50495,1
norm=1.0/temp=2.0/ev=none,final,mlpd,-0.6432022853100628,0.060626092917594285,10,0.6599663333003267,50495,1
norm=1.0/temp=2.0/ev=unit,0,mlpd,-0.7164411779323746,0.05847676942531562,10,0.6599663333003267,50495,1
norm=1.0/temp=2.0/ev=unit,5,mlpd,-0.7048418046635001,0.05097676550999077,10,0.6599663333003267,50495,1
norm=1.0/temp=2.0/ev=unit,10,mlpd,-0.6609505181614842,0.01825840767705318,8,0.6599663333003267,50495,1
norm=1.0/temp=2.0/ev=unit,20,mlpd,-0.6657600612991942,0.028676159087021307,5,0.6599663333003267,50495,1
norm=1.0/temp=2.0/ev=unit,final,mlpd,-0.6773199519574685,0.055082046782446076,10,0.6599663333003267,50495,1
norm=1.0/temp=4.0/ev=none,0,mlpd,-0.7164411779323746,0.05847676942531562,10,0.6599663333003267,50495,1
norm=1.0/temp=4.0/ev=none,5,mlpd,-0.7139748274426644,0.05713266377775659,10,0.6599663333003267,50495,1
norm=1.0/temp=4.0/ev=none,10,mlpd,-0.6740675291593128,0.020432515732217264,8,0.6599663333003267,50495,1
norm=1.0/temp=4.0/ev=none,20,mlpd,-0.6888431284220357,0.02931216719732131,5,0.6599663333003267,50495,1
norm=1.0/temp=4.0/ev=none,final,mlpd,-0.6652369424974407,0.06067244082836464,10,0.6599663333003267,50495,1
norm=1.0/temp=4.0/ev=unit,0,mlpd,-0.7164411779323746,0.05847676942531562,10,0.6599663333003267,50495,1
norm=1.0/temp=4.0/ev=unit,5,mlpd,-0.7097387115198647,0.05454083091559676,10,0.6599663333003267,50495,1
norm=1.0/temp=4.0/ev=unit,10,mlpd,-0.6690765469879325,0.019440413935890303,8,0.6599663333003267,50495,1
norm=1.0/temp=4.0/ev=unit,20,mlpd,-0.6818990904286247,0.02849540708169155,5,0.6599663333003267,50495,1
norm=1.0/temp=4.0/ev=unit,final,mlpd,-0.6949585304210892,0.05603132995570664,10,0.6599663333003267,50495,1
