channel_set,t,metric,mean,se,n,rho_cross,n_edges,n_components
full,0,mlpd,-0.7069773861043023,0.04755639392578098,10,0.6599663333003267,50495,1
full,5,mlpd,-0.7053187450593791,0.04222767455658686,10,0.6599663333003267,50495,1
full,10,mlpd,-0.6565790100201518,0.03665595168888507,8,0.6599663333003267,50495,1
full,20,mlpd,-0.6504832322211243,0.075463188576973,5,0.6599663333003267,50495,1
full,final,mlpd,-0.7008506139887564,0.06292570707039595,10,0.6599663333003267,50495,1
imu_only,0,mlpd,-0.6896874982292587,0.03854598894999706,10,0.6713232912212505,49392,1
imu_only,5,mlpd,-0.6638551508279226,0.027159019990795976,10,0.6713232912212505,49392,1
imu_only,10,mlpd,-0.642845542230343,0.02979286517209856,8,0.6713232912212505,49392,1
imu_only,20,mlpd,-0.6411046316104928,0.062392170497998535,5,0.6713232912212505,49392,1
imu_only,final,mlpd,-0.6610632357096301,0.04579951437340341,10,0.6713232912212505,49392,1
only_IMU_VerAccelVal,0,mlpd,-0.6923934986463904,0.039598537998275875,10,0.6870459802767744,49282,1
only_IMU_VerAccelVal,5,mlpd,-0.6630968866108305,0.025370074356879612,10,0.6870459802767744,49282,1
only_IMU_VerAccelVal,10,mlpd,-0.653934561069324,0.027889355536320597,8,0.6870459802767744,49282,1
only_IMU_VerAccelVal,20,mlpd,-0.6454172972306415,0.05528344852460867,5,0.6870459802767744,49282,1
only_IMU_VerAccelVal,final,mlpd,-0.6419871122767614,0.050654560053662055,10,0.6870459802767744,49282,1
without_Bounce_rate_6D,0,mlpd,-0.7033954442954327,0.05766308979215658,10,0.6570942268490114,50527,1
without_Bounce_rate_6D,5,mlpd,-0.6631364880714732,0.034477769505870656,10,0.6570942268490114,50527,1
without_Bounce_rate_6D,10,mlpd,-0.6554717354742485,0.03799919790832706,8,0.6570942268490114,50527,1
without_Bounce_rate_6D,20,mlpd,-0.6538644665509767,0.07583296560969148,5,0.6570942268490114,50527,1
without_Bounce_rate_6D,final,mlpd,-0.6780116977831798,0.05627764036666978,10,0.6570942268490114,50527,1
without_IMU_LatAccelVal,0,mlpd,-0.7254856707461759,0.06112280151032644,10,0.6554373996789727,49840,1
without_IMU_LatAccelVal,5,mlpd,-0.7518379179939931,0.05904246308314395,10,0.6554373996789727,49840,1
without_IMU_LatAccelVal,10,mlpd,-0.7001937888630094,0.03969146542235,8,0.6554373996789727,49840,1
without_IMU_LatAccelVal,20,mlpd,-0.6876274453335112,0.07209179359397785,5,0.6554373996789727,49840,1
without_IMU_LatAccelVal,final,mlpd,-0.7422382916773054,0.07636183371486166,10,0.6554373996789727,49840,1
without_IMU_LongAccelVal,0,mlpd,-0.6925345682349621,0.03319653914520395,10,0.6725654908830321,50236,1
without_IMU_LongAccelVal,5,mlpd,-0.6697064609807134,0.027033508159034977,10,0.6725654908830321,50236,1
without_IMU_LongAccelVal,10,mlpd,-0.6776710550050702,0.029802753060159313,8,0.6725654908830321,50236,1
without_IMU_LongAccelVal,20,mlpd,-0.6483779151221342,0.05904351916809996,5,0.6725654908830321,50236,1
without_IMU_LongAccelVal,final,mlpd,-0.6836412182722305,0.05575876296500369,10,0.6725654908830321,50236,1
without_IMU_VerAccelVal,0,mlpd,-0.7311202426956969,0.057915332976741195,10,0.6616108054027013,49975,1
without_IMU_VerAccelVal,5,mlpd,-0.6958447049114296,0.037927298111469235,10,0.6616108054027013,49975,1
without_IMU_VerAccelVal,10,mlpd,-0.6814114591035788,0.03676884805012417,8,0.6616108054027013,49975,1
without_IMU_VerAccelVal,20,mlpd,-0.6524549906464095,0.08308558940310996,5,0.6616108054027013,49975,1
without_IMU_VerAccelVal,final,mlpd,-0.7120316931204026,0.06295757711615418,10,0.6616108054027013,49975,1
without_Pitch_rate_6D,0,mlpd,-0.6972701023250367,0.04778493951219124,10,0.667279969267474,49459,1
without_Pitch_rate_6D,5,mlpd,-0.6798196106643075,0.0352157567199014,10,0.667279969267474,49459,1
without_Pitch_rate_6D,10,mlpd,-0.6473887156356626,0.037978640529958196,8,0.667279969267474,49459,1
without_Pitch_rate_6D,20,mlpd,-0.6483576539086241,0.07340772241448922,5,0.667279969267474,49459,1
without_Pitch_rate_6D,final,mlpd,-0.6761252311995553,0.05193681691411531,10,0.667279969267474,49459,1
