graph,t,metric,mean,se,n,rho_cross,n_edges,n_components
cross_forced/k=10/w=0.5,0,mlpd,-0.7138719128183618,0.05619562830497846,10,0.6579442354503209,18076,1
cross_forced/k=10/w=0.5,5,mlpd,-0.6907504393097837,0.03713768497624425,10,0.6579442354503209,18076,1
cross_forced/k=10/w=0.5,10,mlpd,-0.658835901998917,0.038446503125590295,8,0.6579442354503209,18076,1
cross_forced/k=10/w=0.5,20,mlpd,-0.6508500912949933,0.07880304849381155,5,0.6579442354503209,18076,1
cross_forced/k=10/w=0.5,final,mlpd,-0.6852208381281197,0.0600286220613644,10,0.6579442354503209,18076,1
cross_forced/k=100/w=0.5,0,mlpd,-0.7036640995666915,0.04554115524782648,10,0.6857854490857668,171838,1
cross_forced/k=100/w=0.5,5,mlpd,-0.6929579621757025,0.035511555305602335,10,0.6857854490857668,171838,1
cross_forced/k=100/w=0.5,10,mlpd,-0.6575415821234696,0.03903651160708368,8,0.6857854490857668,171838,1
cross_forced/k=100/w=0.5,20,mlpd,-0.6549333544541042,0.08153622234044214,5,0.6857854490857668,171838,1
cross_forced/k=100/w=0.5,final,mlpd,-0.6821526325995306,0.05928799835391165,10,0.6857854490857668,171838,1
cross_forced/k=20/w=0.5,0,mlpd,-0.7020245971082015,0.052599419112968816,10,0.6672045750523753,35322,1
cross_forced/k=20/w=0.5,5,mlpd,-0.6909607840333866,0.03762154099455651,10,0.6672045750523753,35322,1
cross_forced/k=20/w=0.5,10,mlpd,-0.6541323033162068,0.034225040655431034,8,0.6672045750523753,35322,1
cross_forced/k=20/w=0.5,20,mlpd,-0.6581028510159622,0.079672605912767,5,0.6672045750523753,35322,1
cross_forced/k=20/w=0.5,final,mlpd,-0.6930399823297613,0.06308646778942013,10,0.6672045750523753,35322,1
cross_forced/k=30/w=0.5,0,mlpd,-0.7066703531920467,0.04499222024632478,10,0.6732138099044573,52542,1
cross_forced/k=30/w=0.5,5,mlpd,-0.698972640740226,0.03846131720994976,10,0.6732138099044573,52542,1
cross_forced/k=30/w=0.5,10,mlpd,-0.6590322983131335,0.03869269759770273,8,0.6732138099044573,52542,1
cross_forced/k=30/w=0.5,20,mlpd,-0.6646346437782067,0.08725696823333139,5,0.6732138099044573,52542,1
cross_forced/k=30/w=0.5,final,mlpd,-0.6935165544678199,0.0637399093641349,10,0.6732138099044573,52542,1
cross_forced/k=5/w=0.5,0,mlpd,-0.701378386162285,0.044347815749857425,10,0.6361741801031041,9117,1
cross_forced/k=5/w=0.5,5,mlpd,-0.6962256039895524,0.04041828145109616,10,0.6361741801031041,9117,1
cross_forced/k=5/w=0.5,10,mlpd,-0.6651340370916734,0.04215079433184655,8,0.6361741801031041,9117,1
cross_forced/k=5/w=0.5,20,mlpd,-0.6661918796455668,0.08627383386677277,5,0.6361741801031041,9117,1
cross_forced/k=5/w=0.5,final,mlpd,-0.7004453019251008,0.06616699573776025,10,0.6361741801031041,9117,1
cross_forced/k=50/w=0.5,0,mlpd,-0.7131661173858164,0.04477309291799308,10,0.6787652528604514,86787,1
cross_forced/k=50/w=0.5,5,mlpd,-0.6989526207797595,0.03630837623146999,10,0.6787652528604514,86787,1
cross_forced/k=50/w=0.5,10,mlpd,-0.6666874213813871,0.04037783395081195,8,0.6787652528604514,86787,1
cross_forced/k=50/w=0.5,20,mlpd,-0.6684945794789217,0.08721211458898466,5,0.6787652528604514,86787,1
cross_forced/k=50/w=0.5,final,mlpd,-0.6818229941314258,0.05830488218753696,10,0.6787652528604514,86787,1
epsilon/k=10/w=0.5,0,mlpd,-0.7130499036046537,0.051977986983433054,10,0.6269174874858712,12386,624
epsilon/k=10/w=0.5,5,mlpd,-0.6965209433758266,0.039382212197279345,10,0.6269174874858712,12386,624
epsilon/k=10/w=0.5,10,mlpd,-0.6611487247635717,0.04014166296575815,8,0.6269174874858712,12386,624
epsilon/k=10/w=0.5,20,mlpd,-0.6549077043211664,0.08571289521051541,5,0.6269174874858712,12386,624
epsilon/k=10/w=0.5,final,mlpd,-0.6952053247055748,0.06343501729848045,10,0.6269174874858712,12386,624
epsilon/k=100/w=0.5,0,mlpd,-0.7005239530452722,0.04214022704986145,10,0.6733978732509225,123851,96
epsilon/k=100/w=0.5,5,mlpd,-0.6905786508975614,0.03555767472846399,10,0.6733978732509225,123851,96
epsilon/k=100/w=0.5,10,mlpd,-0.6551478119994762,0.036835753142584915,8,0.6733978732509225,123851,96
epsilon/k=100/w=0.5,20,mlpd,-0.6530035082604071,0.08139836167671845,5,0.6733978732509225,123851,96
epsilon/k=100/w=0.5,final,mlpd,-0.6850021814614554,0.062061670137745675,10,0.6733978732509225,123851,96
epsilon/k=20/w=0.5,0,mlpd,-0.7155332715425522,0.052059700445073354,10,0.6503572726171734,24771,411
epsilon/k=20/w=0.5,5,mlpd,-0.6990389585572554,0.040303432109194376,10,0.6503572726171734,24771,411
epsilon/k=20/w=0.5,10,mlpd,-0.6582569085251211,0.03915119116473101,8,0.6503572726171734,24771,411
epsilon/k=20/w=0.5,20,mlpd,-0.6575578311106967,0.08042776851755512,5,0.6503572726171734,24771,411
epsilon/k=20/w=0.5,final,mlpd,-0.6915193599125119,0.062043558884901456,10,0.6503572726171734,24771,411
epsilon/k=30/w=0.5,0,mlpd,-0.7219146863324977,0.054152996655641626,10,0.6563946603509527,37156,316
epsilon/k=30/w=0.5,5,mlpd,-0.7017601713447956,0.042541298318287436,10,0.6563946603509527,37156,316
epsilon/k=30/w=0.5,10,mlpd,-0.6616948865653849,0.04049194038918673,8,0.6563946603509527,37156,316
epsilon/k=30/w=0.5,20,mlpd,-0.6584479050379317,0.08611539819397697,5,0.6563946603509527,37156,316
epsilon/k=30/w=0.5,final,mlpd,-0.6957001678822756,0.0669396944584268,10,0.6563946603509527,37156,316
epsilon/k=5/w=0.5,0,mlpd,-0.711829441438476,0.05171370733106143,10,0.5985790408525755,6193,874
epsilon/k=5/w=0.5,5,mlpd,-0.6946903360698218,0.03401995367187017,10,0.5985790408525755,6193,874
epsilon/k=5/w=0.5,10,mlpd,-0.6611677896797632,0.03806907126620815,8,0.5985790408525755,6193,874
epsilon/k=5/w=0.5,20,mlpd,-0.6601656445423412,0.08350507628617347,5,0.5985790408525755,6193,874
epsilon/k=5/w=0.5,final,mlpd,-0.6779605085000416,0.059283479260613295,10,0.5985790408525755,6193,874
epsilon/k=50/w=0.5,0,mlpd,-0.7148370079028797,0.04961919196499512,10,0.6627587766043342,61926,193
epsilon/k=50/w=0.5,5,mlpd,-0.6985887019031487,0.03961540154971333,10,0.6627587766043342,61926,193
epsilon/k=50/w=0.5,10,mlpd,-0.6587908084396203,0.036017529709821174,8,0.6627587766043342,61926,193
epsilon/k=50/w=0.5,20,mlpd,-0.6623614120104315,0.08234939134668873,5,0.6627587766043342,61926,193
epsilon/k=50/w=0.5,final,mlpd,-0.6883584252033791,0.06339346037478175,10,0.6627587766043342,61926,193
mutual/k=10/w=0.5,0,mlpd,-0.7152122660912773,0.053061971733274496,10,0.602019943748402,7822,31
mutual/k=10/w=0.5,5,mlpd,-0.7027915537241604,0.03936858629550908,10,0.602019943748402,7822,31
mutual/k=10/w=0.5,10,mlpd,-0.6602151926106791,0.03608702771016683,8,0.602019943748402,7822,31
mutual/k=10/w=0.5,20,mlpd,-0.6657369492012707,0.08260316109561436,5,0.602019943748402,7822,31
mutual/k=10/w=0.5,final,mlpd,-0.6951979848963346,0.0619465527692711,10,0.602019943748402,7822,31
mutual/k=100/w=0.5,0,mlpd,-0.7178434323587545,0.062221888461578466,10,0.6655988632255974,80227,2
mutual/k=100/w=0.5,5,mlpd,-0.7070388206454957,0.04723326046996516,10,0.6655988632255974,80227,2
mutual/k=100/w=0.5,10,mlpd,-0.649710619453935,0.0355460970034621,8,0.6655988632255974,80227,2
mutual/k=100/w=0.5,20,mlpd,-0.6553255406182861,0.08010122252481992,5,0.6655988632255974,80227,2
mutual/k=100/w=0.5,final,mlpd,-0.698548072934966,0.06703603274892549,10,0.6655988632255974,80227,2
mutual/k=20/w=0.5,0,mlpd,-0.7148295228859501,0.055686496723047145,10,0.6273444900536785,15835,8
mutual/k=20/w=0.5,5,mlpd,-0.6943173878598452,0.04198346080136484,10,0.6273444900536785,15835,8
mutual/k=20/w=0.5,10,mlpd,-0.6580971970376799,0.03977315858566126,8,0.6273444900536785,15835,8
mutual/k=20/w=0.5,20,mlpd,-0.6573610428689888,0.08365137113124956,5,0.6273444900536785,15835,8
mutual/k=20/w=0.5,final,mlpd,-0.6888378262577886,0.06345204787616011,10,0.6273444900536785,15835,8
mutual/k=30/w=0.5,0,mlpd,-0.7036246665694698,0.050394158034429905,10,0.6377493176569389,23815,5
mutual/k=30/w=0.5,5,mlpd,-0.7002262758900633,0.04091754077035559,10,0.6377493176569389,23815,5
mutual/k=30/w=0.5,10,mlpd,-0.6598390890990646,0.03911790665502738,8,0.6377493176569389,23815,5
mutual/k=30/w=0.5,20,mlpd,-0.658212792268994,0.08371219271845415,5,0.6377493176569389,23815,5
mutual/k=30/w=0.5,final,mlpd,-0.6950476227744897,0.06262335344584688,10,0.6377493176569389,23815,5
mutual/k=5/w=0.5,0,mlpd,-0.7152809758515513,0.04863868044736186,10,0.5683337790853169,3739,182
mutual/k=5/w=0.5,5,mlpd,-0.706699495574862,0.04203009929026056,10,0.5683337790853169,3739,182
mutual/k=5/w=0.5,10,mlpd,-0.6653887793133277,0.037520843338171635,8,0.5683337790853169,3739,182
mutual/k=5/w=0.5,20,mlpd,-0.6763030423190949,0.09011960235919166,5,0.5683337790853169,3739,182
mutual/k=5/w=0.5,final,mlpd,-0.7068127110937199,0.06937182028069351,10,0.5683337790853169,3739,182
mutual/k=50/w=0.5,0,mlpd,-0.7160450227032619,0.05152949153965841,10,0.6509426857128512,39833,4
mutual/k=50/w=0.5,5,mlpd,-0.6968839106342317,0.038996937265024255,10,0.6509426857128512,39833,4
mutual/k=50/w=0.5,10,mlpd,-0.6669765833834786,0.0406268540174814,8,0.6509426857128512,39833,4
mutual/k=50/w=0.5,20,mlpd,-0.664551452035439,0.08262052954946522,5,0.6509426857128512,39833,4
mutual/k=50/w=0.5,final,mlpd,-0.6904247524249675,0.05917804101904656,10,0.6509426857128512,39833,4
topk/k=10/w=0.5,0,mlpd,-0.7138851212737333,0.05848406448233544,10,0.6351781921170639,16948,1
topk/k=10/w=0.5,5,mlpd,-0.6871510348283634,0.03739646755058088,10,0.6351781921170639,16948,1
topk/k=10/w=0.5,10,mlpd,-0.6570933854799048,0.0356233586934689,8,0.6351781921170639,16948,1
topk/k=10/w=0.5,20,mlpd,-0.660685047962866,0.07923713344900826,5,0.6351781921170639,16948,1
topk/k=10/w=0.5,final,mlpd,-0.6780828239543513,0.059640381796056706,10,0.6351781921170639,16948,1
topk/k=100/w=0.5,0,mlpd,-0.705077494200808,0.043198834137849654,10,0.6775957915604306,167473,1
topk/k=100/w=0.5,5,mlpd,-0.6925871203130068,0.03716396864373298,10,0.6775957915604306,167473,1
topk/k=100/w=0.5,10,mlpd,-0.6541858249817352,0.03938838859310199,8,0.6775957915604306,167473,1
topk/k=100/w=0.5,20,mlpd,-0.66238873281058,0.0911708225389187,5,0.6775957915604306,167473,1
topk/k=100/w=0.5,final,mlpd,-0.6916925514177614,0.06305337473526551,10,0.6775957915604306,167473,1
topk/k=20/w=0.5,0,mlpd,-0.7138328384808607,0.05184994060588908,10,0.6512386886218662,33705,1
topk/k=20/w=0.5,5,mlpd,-0.7168504145554017,0.048823799388800514,10,0.6512386886218662,33705,1
topk/k=20/w=0.5,10,mlpd,-0.6663586664486223,0.04060762095171316,8,0.6512386886218662,33705,1
topk/k=20/w=0.5,20,mlpd,-0.6658579130515299,0.08305188747982624,5,0.6512386886218662,33705,1
topk/k=20/w=0.5,final,mlpd,-0.7165590825959062,0.07157628196718141,10,0.6512386886218662,33705,1
topk/k=30/w=0.5,0,mlpd,-0.7104070513454308,0.048385182298397895,10,0.6599663333003267,50495,1
topk/k=30/w=0.5,5,mlpd,-0.6951116286900331,0.037388584841137905,10,0.6599663333003267,50495,1
topk/k=30/w=0.5,10,mlpd,-0.6563861558991899,0.03643685817332338,8,0.6599663333003267,50495,1
topk/k=30/w=0.5,20,mlpd,-0.6649913057448904,0.08402909080156108,5,0.6599663333003267,50495,1
topk/k=30/w=0.5,final,mlpd,-0.6948872745737561,0.06233834754603537,10,0.6599663333003267,50495,1
topk/k=5/w=0.5,0,mlpd,-0.7228052930218811,0.062238881465265815,10,0.6163543835299561,8646,1
topk/k=5/w=0.5,5,mlpd,-0.6953339033966977,0.03915378053397415,10,0.6163543835299561,8646,1
topk/k=5/w=0.5,10,mlpd,-0.6620121144866785,0.039145014893739526,8,0.6163543835299561,8646,1
topk/k=5/w=0.5,20,mlpd,-0.663386348764168,0.08284763776494437,5,0.6163543835299561,8646,1
topk/k=5/w=0.5,final,mlpd,-0.689146756356628,0.062430310219871804,10,0.6163543835299561,8646,1
topk/k=50/w=0.5,0,mlpd,-0.7056294644789991,0.043104089510224784,10,0.6681742980587262,84017,1
topk/k=50/w=0.5,5,mlpd,-0.7003989189072051,0.03957042983671209,10,0.6681742980587262,84017,1
topk/k=50/w=0.5,10,mlpd,-0.6603645679208008,0.0386679957387716,8,0.6681742980587262,84017,1
topk/k=50/w=0.5,20,mlpd,-0.6630066373829625,0.08504657165675421,5,0.6681742980587262,84017,1
topk/k=50/w=0.5,final,mlpd,-0.6945409049310699,0.0621399046314819,10,0.6681742980587262,84017,1
