best_score,fold,adapt_evidence,adapt_neg_weight,adapt_user_softmax_temp,gcf_emb_dim,gcf_lr,item_item_weight,knn_k,rm_lr
-0.5807287732996474,강신길,none,0.5,0.5,64,0.0002,1.0,30,0.001
-0.5976247958443491,김재호,none,1.0,2.0,64,0.0002,0.5,30,0.0001
-0.5836790105655693,김진명,none,0.5,0.5,64,0.0002,1.0,30,0.001
-0.5902546477732269,김태근,none,1.0,2.0,64,0.0002,0.5,30,0.0001
-0.6101149009975638,박재일,unit,1.0,0.25,64,0.002,0.5,10,0.0003
-0.7316066671864033,신민철,unit,0.5,0.5,16,0.0007,0.25,30,0.001
-0.5850632253744407,이강근,unit,1.0,1.0,64,0.0002,0.25,10,0.001
-0.545594237918278,이지환,none,0.5,0.5,64,0.0002,1.0,30,0.001
-0.5934579588115666,조현석,none,0.5,4.0,64,0.0002,0.25,10,0.0003
-0.602622117519834,한규택,unit,1.0,0.25,64,0.002,0.5,10,0.0003
