subset,n_channels,mlpd_mean,mlpd_se,delta_vs_full,se_delta,n_folds
Pitch_rate_6D+Bounce_rate_6D,2,-0.5200706694554513,0.04906123842170675,0.043034421146733136,0.008318659434097755,5
Pitch_rate_6D+Bounce_rate_6D+IMU_VerAccelVal+IMU_LongAccelVal,4,-0.5243691566376091,0.05197109776480064,0.038735933964575434,0.007836825427306782,5
Bounce_rate_6D,1,-0.535412368295634,0.05142881488955788,0.027692722306550566,0.005202592042106807,5
Pitch_rate_6D+Bounce_rate_6D+IMU_LongAccelVal,3,-0.5358929467066053,0.046458069814937705,0.027212143895579344,0.01300003983316799,5
Pitch_rate_6D+Bounce_rate_6D+IMU_VerAccelVal+IMU_LatAccelVal,4,-0.5406380568622966,0.04884182259082426,0.02246703373988791,0.013293691949973464,5
Bounce_rate_6D+IMU_LatAccelVal,2,-0.5410423409546858,0.05982517387299849,0.02206274964749866,0.013852473329848645,5
Bounce_rate_6D+IMU_VerAccelVal,2,-0.5432067598860362,0.0570806520723534,0.019898330716148327,0.012912119253666761,5
Pitch_rate_6D+IMU_LongAccelVal+IMU_LatAccelVal,3,-0.5486142575729321,0.05903473527650546,0.014490833029252404,0.016340399011560033,5
Pitch_rate_6D+Bounce_rate_6D+IMU_LatAccelVal,3,-0.5497788074830551,0.05181436076253598,0.013326283119129412,0.013836760185586638,5
Bounce_rate_6D+IMU_LongAccelVal+IMU_LatAccelVal,3,-0.5504525750579662,0.06304385308047851,0.012652515544218468,0.018934198192990994,5
Bounce_rate_6D+IMU_LongAccelVal,2,-0.5513762860631901,0.04997124925122388,0.011728804538994487,0.011410021763982644,5
Pitch_rate_6D+Bounce_rate_6D+IMU_LongAccelVal+IMU_LatAccelVal,4,-0.5519062561240633,0.044008875363544114,0.011198834478121278,0.014991105754020514,5
Pitch_rate_6D+Bounce_rate_6D+IMU_VerAccelVal,3,-0.5539178674424685,0.04755220988229513,0.009187223159716063,0.0118003086803798,5
IMU_LongAccelVal,1,-0.5551993834243865,0.05346482387603252,0.007905707177798071,0.015592717078324833,5
Pitch_rate_6D+IMU_LatAccelVal,2,-0.5606329630076694,0.05234405558280444,0.0024721275945151834,0.0048217117454820895,5
Pitch_rate_6D+IMU_VerAccelVal+IMU_LongAccelVal+IMU_LatAccelVal,4,-0.5622142358591267,0.06033624633575654,0.0008908547430578562,0.020558361259977113,5
Pitch_rate_6D+IMU_VerAccelVal+IMU_LatAccelVal,3,-0.5627384853223848,0.05434656818863884,0.0003666052797997699,0.014277908092444513,5
Pitch_rate_6D+Bounce_rate_6D+IMU_VerAccelVal+IMU_LongAccelVal+IMU_LatAccelVal,5,-0.5631050906021845,0.04768624869689014,0.0,0.0,5
Bounce_rate_6D+IMU_VerAccelVal+IMU_LatAccelVal,3,-0.5632738633435296,0.048105594830291004,-0.00016877274134511345,0.007964027428831,5
Pitch_rate_6D,1,-0.5636759753528642,0.04348427867104929,-0.0005708847506796122,0.010183233948914856,5
Bounce_rate_6D+IMU_VerAccelVal+IMU_LongAccelVal,3,-0.5650507908348461,0.05658663864022441,-0.0019457002326614848,0.02621852652473532,5
Bounce_rate_6D+IMU_VerAccelVal+IMU_LongAccelVal+IMU_LatAccelVal,4,-0.5683512928436281,0.06093480270177035,-0.005246202241443598,0.0187928248540669,5
Pitch_rate_6D+IMU_VerAccelVal,2,-0.5718284750559386,0.05128607516146131,-0.008723384453754058,0.004884015227528958,5
IMU_VerAccelVal+IMU_LongAccelVal+IMU_LatAccelVal,3,-0.573416571137259,0.054478966383983286,-0.010311480535074424,0.017450450609143568,5
Pitch_rate_6D+IMU_LongAccelVal,2,-0.5734490901811746,0.04601448054784831,-0.01034399957899016,0.0222099597846541,5
IMU_LongAccelVal+IMU_LatAccelVal,2,-0.5741657410656538,0.04320534184762976,-0.011060650463469235,0.014983847499917892,5
Pitch_rate_6D+IMU_VerAccelVal+IMU_LongAccelVal,3,-0.5743318515845379,0.045162977759427944,-0.011226760982353345,0.021704745791443797,5
IMU_VerAccelVal,1,-0.5776002039877509,0.04563516116413597,-0.01449511338556636,0.007704162649362685,5
IMU_VerAccelVal+IMU_LongAccelVal,2,-0.5776228259429678,0.043530503367939524,-0.014517735340783145,0.025541418660862972,5
IMU_VerAccelVal+IMU_LatAccelVal,2,-0.5782937110712509,0.0345396529696152,-0.015188620469066428,0.018395558561762015,5
IMU_LatAccelVal,1,-0.5804150484672733,0.04915639772246126,-0.017309957865088745,0.007883505222345199,5
