method,t,metric,mean,se,n
proposed,0,ale_mean,0.14468288784709898,0.0047637182237674274,10
proposed,0,auprc,0.7952691468800669,0.03809658892084161,10
proposed,0,aurc_epi,0.38334003474088785,0.0372531135938198,10
proposed,0,auroc,0.7340499995114327,0.045000699058869734,10
proposed,0,auroc_ci_hi,0.8873931750688746,0.027481697078060984,10
proposed,0,auroc_ci_lo,0.23889965346905012,0.0523250616995109,10
proposed,0,brier,0.24917627328331088,0.02047542940294406,10
proposed,0,cal_intercept,-28.868994645377114,29.147396657697552,10
proposed,0,cal_slope,35.8918255458441,34.47429257377288,10
proposed,0,correctness_auroc_epi,0.491369119454529,0.041202476436355204,10
proposed,0,correctness_auroc_total,0.5805036684906472,0.05453117032409927,10
proposed,0,eaurc_epi,0.27170566010863706,0.022805143736995097,10
proposed,0,ece,0.27227766047516905,0.04170226659028315,10
proposed,0,elpd,-87.3000432951768,35.04034624857503,10
proposed,0,epi_ale_spearman,-0.3719399309838657,0.11432571434172101,10
proposed,0,epi_mean,0.07045912156351333,0.0016845998136235402,10
proposed,0,mlpd,-0.6982284796782365,0.049256939044617955,10
proposed,0,n,131.6,53.602694791296535,10
proposed,0,n_offsets,2.8,0.19999999999999998,10
proposed,0,n_pos,70.3,27.655841255611,10
proposed,0,offset,58.3,26.07853523493986,10
proposed,0,reliable,0.0,0.0,10
proposed,0,reliable_frac,0.0,0.0,10
proposed,0,t,0.0,0.0,10
proposed,5,ale_mean,0.15438761187882566,0.002844752949375327,10
proposed,5,auprc,0.7748421155781049,0.042080244587380654,10
proposed,5,aurc_epi,0.3024814895770297,0.03423611699734439,10
proposed,5,auroc,0.6975343042799458,0.03993458359343376,10
proposed,5,auroc_ci_hi,0.8891323728101916,0.0283551737199145,10
proposed,5,auroc_ci_lo,0.28258759319422094,0.064971710764268,10
proposed,5,brier,0.2176821171359578,0.009697574880576107,10
proposed,5,cal_intercept,-0.05203007982119413,0.4434195205711859,10
proposed,5,cal_slope,1.5258606916132975,0.5228156249407232,10
proposed,5,correctness_auroc_epi,0.5538435249353484,0.05787313715354405,10
proposed,5,correctness_auroc_total,0.6323217023094744,0.03595405579647694,10
proposed,5,eaurc_epi,0.21115806712430954,0.030684917363097853,10
proposed,5,ece,0.20203578463754152,0.02438638222822221,10
proposed,5,elpd,-77.45364165100091,30.49928300251858,10
proposed,5,epi_ale_spearman,-0.11586794224989942,0.10157308873520257,10
proposed,5,epi_mean,0.05669118912114107,0.002958638469490559,10
proposed,5,mlpd,-0.6241804707955743,0.02112923679327803,10
proposed,5,n,131.6,53.602694791296535,10
proposed,5,n_offsets,2.8,0.19999999999999998,10
proposed,5,n_pos,70.3,27.655841255611,10
proposed,5,offset,58.3,26.07853523493986,10
proposed,5,reliable,0.0,0.0,10
proposed,5,reliable_frac,0.0,0.0,10
proposed,5,t,5.0,0.0,10
proposed,10,ale_mean,0.1608662852781893,0.004886231664587093,8
proposed,10,auprc,0.7460697569312795,0.0409221665754986,8
proposed,10,aurc_epi,0.30048698561615683,0.04652262951267529,8
proposed,10,auroc,0.708873080950166,0.04530624397453435,8
proposed,10,auroc_ci_hi,0.863717173441527,0.027550933437368308,8
proposed,10,auroc_ci_lo,0.37920830703605846,0.06619339530860174,8
proposed,10,brier,0.21583747102380785,0.012406916689939398,8
proposed,10,cal_intercept,-0.0038137667249892315,0.2918866395391293,8
proposed,10,cal_slope,1.2905982765229007,0.3003595275634611,8
proposed,10,correctness_auroc_epi,0.5698500907008,0.04187539634958144,8
proposed,10,correctness_auroc_total,0.6448265578564536,0.02495526897008021,8
proposed,10,eaurc_epi,0.213601877114405,0.031959322729455036,8
proposed,10,ece,0.18848068939482954,0.019714953453368714,8
proposed,10,elpd,-93.94174105341118,35.64479365154019,8
proposed,10,epi_ale_spearman,-0.023159479075193598,0.141513336657241,8
proposed,10,epi_mean,0.045314732432084844,0.0017642613618743489,8
proposed,10,mlpd,-0.6201031811990467,0.027311138746497186,8
proposed,10,n,162.75,62.64575860685678,8
proposed,10,n_offsets,3.0,0.0,8
proposed,10,n_pos,86.5,32.27283244906951,8
proposed,10,offset,72.625,30.763462500180307,8
proposed,10,reliable,0.0,0.0,8
proposed,10,reliable_frac,0.0,0.0,8
proposed,10,t,10.0,0.0,8
proposed,20,ale_mean,0.1604177766546892,0.003053937924409483,5
proposed,20,auprc,0.7933968761556676,0.039762561080683274,5
proposed,20,aurc_epi,0.18586839500264837,0.027360029133740447,5
proposed,20,auroc,0.7820299334937058,0.03642894324164587,5
proposed,20,auroc_ci_hi,0.8287870871744325,0.03155464914991708,5
proposed,20,auroc_ci_lo,0.5556807627802842,0.027195582908256754,5
proposed,20,brier,0.18298222724362442,0.008321540545237533,5
proposed,20,cal_intercept,-0.04970820395079536,0.3875734136118701,5
proposed,20,cal_slope,1.5116512303855816,0.2712107783032746,5
proposed,20,correctness_auroc_epi,0.6252155684190718,0.029180723546469205,5
proposed,20,correctness_auroc_total,0.67170921897277,0.01623410874588588,5
proposed,20,eaurc_epi,0.14480689059465307,0.021828137531591067,5
proposed,20,ece,0.15234736087823564,0.01828789445001557,5
proposed,20,elpd,-140.5356502622811,47.646214422952475,5
proposed,20,epi_ale_spearman,0.3261253319548302,0.05300785227977681,5
proposed,20,epi_mean,0.03375366427183337,0.0013651807960809404,5
proposed,20,mlpd,-0.5473456503413131,0.019514503384404195,5
proposed,20,n,250.4,76.59412510108069,5
proposed,20,n_offsets,3.0,0.0,5
proposed,20,n_pos,133.0,38.40182287340016,5
proposed,20,offset,114.6,38.409113501876085,5
proposed,20,reliable,0.0,0.0,5
proposed,20,reliable_frac,0.0,0.0,5
proposed,20,t,20.0,0.0,5
proposed,final,ale_mean,0.1624651700454941,0.008647102686085425,10
proposed,final,auprc,0.7844328995238834,0.03841108631801302,10
proposed,final,aurc_epi,0.24444704545512247,0.04694347733640566,10
proposed,final,auroc,0.7101990046505372,0.04135558169423263,10
proposed,final,auroc_ci_hi,0.9018210536489285,0.0259688825924379,10
proposed,final,auroc_ci_lo,0.38948103138633866,0.09714500932182446,10
proposed,final,brier,0.19097642437780413,0.013071284360485035,10
proposed,final,cal_intercept,0.13255976451068402,0.3688196844506353,10
proposed,final,cal_slope,1.4740894342109292,0.5224819844861261,10
proposed,final,correctness_auroc_epi,0.5654374968605177,0.06703552566798043,10
proposed,final,correctness_auroc_total,0.6558886252394938,0.03677352738379071,10
proposed,final,eaurc_epi,0.17976093395036755,0.03667499661053295,10
proposed,final,ece,0.1552851243832475,0.02907810403113085,10
proposed,final,elpd,-68.91754716619431,28.84336216800729,10
proposed,final,epi_ale_spearman,0.19653476997165834,0.2085746017127955,10
proposed,final,epi_mean,0.028968705219500273,0.007315352149546299,10
proposed,final,mlpd,-0.5640291516272409,0.030043315208901997,10
proposed,final,n,131.6,53.602694791296535,10
proposed,final,n_offsets,1.0,0.0,10
proposed,final,n_pos,70.3,27.655841255611,10
proposed,final,offset,0.0,0.0,10
proposed,final,reliable,0.1,0.09999999999999999,10
proposed,final,reliable_frac,0.1,0.09999999999999999,10
proposed,final,t,131.1,53.58553909405037,10
hb_full,0,ale_mean,0.11336124235900427,0.003896632009794982,10
hb_full,0,auprc,0.7544462442331066,0.0338975638781222,10
hb_full,0,aurc_epi,0.3729905176443073,0.03116000293775774,10
hb_full,0,auroc,0.688068071146311,0.038193777076625246,10
hb_full,0,auroc_ci_hi,0.8745601283341979,0.031282938249110326,10
hb_full,0,auroc_ci_lo,0.23160862613662186,0.05067061852451542,10
hb_full,0,brier,0.24849809740822604,0.0175941763625091,10
hb_full,0,cal_intercept,0.21202759316758396,0.6376055978841769,10
hb_full,0,cal_slope,1.9046461836411197,0.34646104499211094,10
hb_full,0,correctness_auroc_epi,0.5480562755511112,0.025090442183775055,10
hb_full,0,correctness_auroc_total,0.5489700229580128,0.0531294907364997,10
hb_full,0,eaurc_epi,0.2568783465949482,0.0236250820374114,10
hb_full,0,ece,0.2630001226063212,0.037618412673048905,10
hb_full,0,elpd,-88.12983688488004,35.94168667945587,10
hb_full,0,epi_ale_spearman,-0.42496688821650164,0.11119154764372133,10
hb_full,0,epi_mean,0.10662231302772038,0.001959890319949196,10
hb_full,0,mlpd,-0.6940777817887337,0.040898554716360995,10
hb_full,0,n,131.6,53.602694791296535,10
hb_full,0,n_offsets,2.8,0.19999999999999998,10
hb_full,0,n_pos,70.3,27.655841255611,10
hb_full,0,offset,58.3,26.07853523493986,10
hb_full,0,reliable,0.0,0.0,10
hb_full,0,reliable_frac,0.0,0.0,10
hb_full,0,t,0.0,0.0,10
hb_full,5,ale_mean,0.12206252831882076,0.0034582336411562112,10
hb_full,5,auprc,0.76248167123273,0.03800309559807523,10
hb_full,5,aurc_epi,0.2775914585477706,0.02080628502739136,10
hb_full,5,auroc,0.6787411758184427,0.029542746526448727,10
hb_full,5,auroc_ci_hi,0.8748727764993529,0.03067728415210791,10
hb_full,5,auroc_ci_lo,0.27075067340345244,0.060928322741338296,10
hb_full,5,brier,0.22056064332457753,0.0077161469562052505,10
hb_full,5,cal_intercept,0.26426848637297234,0.36291689071773375,10
hb_full,5,cal_slope,1.200931191190429,0.19660439380944328,10
hb_full,5,correctness_auroc_epi,0.5908497616300148,0.04704817369300505,10
hb_full,5,correctness_auroc_total,0.6172524252523061,0.048741272548906533,10
hb_full,5,eaurc_epi,0.18513952787664106,0.01796635308951846,10
hb_full,5,ece,0.22093297983256005,0.021729070403558374,10
hb_full,5,elpd,-79.08345827787727,31.295871941788885,10
hb_full,5,epi_ale_spearman,-0.19332707348952663,0.08952689647521118,10
hb_full,5,epi_mean,0.09102927953947487,0.003313863379999203,10
hb_full,5,mlpd,-0.6300946420591943,0.017049802400785796,10
hb_full,5,n,131.6,53.602694791296535,10
hb_full,5,n_offsets,2.8,0.19999999999999998,10
hb_full,5,n_pos,70.3,27.655841255611,10
hb_full,5,offset,58.3,26.07853523493986,10
hb_full,5,reliable,0.0,0.0,10
hb_full,5,reliable_frac,0.0,0.0,10
hb_full,5,t,5.0,0.0,10
hb_full,10,ale_mean,0.12692877750432657,0.003465934059216162,8
hb_full,10,auprc,0.7331366195440681,0.037948219008844694,8
hb_full,10,aurc_epi,0.28459098691697093,0.03271865562685104,8
hb_full,10,auroc,0.7060747822117376,0.03295716320158986,8
hb_full,10,auroc_ci_hi,0.846368768810622,0.02857049715134561,8
hb_full,10,auroc_ci_lo,0.3592385571848201,0.0590157492114116,8
hb_full,10,brier,0.21852302638968985,0.008964093542161733,8
hb_full,10,cal_intercept,0.13395748798916712,0.3093643419523331,8
hb_full,10,cal_slope,1.1226662838095953,0.19364910422921228,8
hb_full,10,correctness_auroc_epi,0.5734990753177602,0.031454853867108785,8
hb_full,10,correctness_auroc_total,0.6182079549523545,0.031081499788385293,8
hb_full,10,eaurc_epi,0.2070140752839581,0.023940070421648568,8
hb_full,10,ece,0.1800313623382374,0.01570409841682625,8
hb_full,10,elpd,-96.97369388122729,37.07010582953366,8
hb_full,10,epi_ale_spearman,-0.02609578764582804,0.13252204510065485,8
hb_full,10,epi_mean,0.07813858439039809,0.0029199685046914195,8
hb_full,10,mlpd,-0.6277430033658428,0.02006701294415236,8
hb_full,10,n,162.75,62.64575860685678,8
hb_full,10,n_offsets,3.0,0.0,8
hb_full,10,n_pos,86.5,32.27283244906951,8
hb_full,10,offset,72.625,30.763462500180307,8
hb_full,10,reliable,0.0,0.0,8
hb_full,10,reliable_frac,0.0,0.0,8
hb_full,10,t,10.0,0.0,8
hb_full,20,ale_mean,0.1309768272904824,0.0019170035761305196,5
hb_full,20,auprc,0.7742812273539956,0.05020156258874018,5
hb_full,20,aurc_epi,0.19908012447678033,0.014870084255004431,5
hb_full,20,auroc,0.7648890311440593,0.03178237592403196,5
hb_full,20,auroc_ci_hi,0.806410635418682,0.030120081071356438,5
hb_full,20,auroc_ci_lo,0.5183948266072324,0.019293220811074475,5
hb_full,20,brier,0.18936120062376882,0.007493710275487733,5
hb_full,20,cal_intercept,0.047835362979695574,0.4444681929511002,5
hb_full,20,cal_slope,1.1887655442507887,0.14457417685704915,5
hb_full,20,correctness_auroc_epi,0.6339431165901053,0.012680070453818975,5
hb_full,20,correctness_auroc_total,0.6904065537028494,0.019869803216873243,5
hb_full,20,eaurc_epi,0.1490991368361499,0.012375116947854502,5
hb_full,20,ece,0.15219048094221863,0.019941198500985337,5
hb_full,20,elpd,-143.11477289963167,47.8013451357301,5
hb_full,20,epi_ale_spearman,0.2823880084964959,0.06434198437119593,5
hb_full,20,epi_mean,0.06150562369165491,0.0012695609390583,5
hb_full,20,mlpd,-0.5603387554502517,0.01716161735486359,5
hb_full,20,n,250.4,76.59412510108069,5
hb_full,20,n_offsets,3.0,0.0,5
hb_full,20,n_pos,133.0,38.40182287340016,5
hb_full,20,offset,114.6,38.409113501876085,5
hb_full,20,reliable,0.0,0.0,5
hb_full,20,reliable_frac,0.0,0.0,5
hb_full,20,t,20.0,0.0,5
hb_full,final,ale_mean,0.14095010794110213,0.0077420701607539555,10
hb_full,final,auprc,0.7634016386202725,0.037884439483760725,10
hb_full,final,aurc_epi,0.20661998579130403,0.03463153077946808,10
hb_full,final,auroc,0.7125027143387413,0.033003596958410035,10
hb_full,final,auroc_ci_hi,0.8948101951697518,0.027918707684437567,10
hb_full,final,auroc_ci_lo,0.3896953137133034,0.09357389732079358,10
hb_full,final,brier,0.18924804405556275,0.01288178875222564,10
hb_full,final,cal_intercept,0.26161218098448613,0.17263037712461662,10
hb_full,final,cal_slope,1.2741627621156522,0.1971817814047461,10
hb_full,final,correctness_auroc_epi,0.5454224661666528,0.05187439696006057,10
hb_full,final,correctness_auroc_total,0.5459851193963542,0.06372535480818503,10
hb_full,final,eaurc_epi,0.16853420707031075,0.03009966385026657,10
hb_full,final,ece,0.1935310104727857,0.03486308654133496,10
hb_full,final,elpd,-69.35816030347944,29.162309278460786,10
hb_full,final,epi_ale_spearman,0.211440902552496,0.1979515179279085,10
hb_full,final,epi_mean,0.04967379656779876,0.011310871550627245,10
hb_full,final,mlpd,-0.5601361015121752,0.030617347576011034,10
hb_full,final,n,131.6,53.602694791296535,10
hb_full,final,n_offsets,1.0,0.0,10
hb_full,final,n_pos,70.3,27.655841255611,10
hb_full,final,offset,0.0,0.0,10
hb_full,final,reliable,0.1,0.09999999999999999,10
hb_full,final,reliable_frac,0.1,0.09999999999999999,10
hb_full,final,t,131.1,53.58553909405037,10
ebmap,0,ale_mean,0.12892615559159665,0.00507143715119609,10
ebmap,0,auprc,0.7762542337397161,0.02861271829324301,10
ebmap,0,aurc_epi,0.3926023382375776,0.050407928721874766,10
ebmap,0,auroc,0.6998261784616411,0.032031370103590084,10
ebmap,0,auroc_ci_hi,0.8776923633548035,0.031584285987093084,10
ebmap,0,auroc_ci_lo,0.2783943954585406,0.05564384993250339,10
ebmap,0,brier,0.2556783123644334,0.022957500571755718,10
ebmap,0,cal_intercept,-0.012271139239088158,0.6994688852538009,10
ebmap,0,cal_slope,1.7730635635312288,0.549128452024311,10
ebmap,0,correctness_auroc_epi,0.5190285032552945,0.03968891332148535,10
ebmap,0,correctness_auroc_total,0.5444232070381554,0.053381845719094316,10
ebmap,0,eaurc_epi,0.2819011576284833,0.037557993583569926,10
ebmap,0,ece,0.2641313211226684,0.04046733853826103,10
ebmap,0,elpd,-89.65190195118437,36.46534737016727,10
ebmap,0,epi_ale_spearman,-0.2023986531337166,0.11788090858358075,10
ebmap,0,epi_mean,0.07839795801068225,0.0014148877828215687,10
ebmap,0,mlpd,-0.7195784806154303,0.062181006759617546,10
ebmap,0,n,131.6,53.602694791296535,10
ebmap,0,n_offsets,2.8,0.19999999999999998,10
ebmap,0,n_pos,70.3,27.655841255611,10
ebmap,0,reliable,0.0,0.0,10
ebmap,0,reliable_frac,0.0,0.0,10
ebmap,5,ale_mean,0.14346083616710775,0.004122424263144756,10
ebmap,5,auprc,0.7598702058745089,0.03883740116203874,10
ebmap,5,aurc_epi,0.2760084251863455,0.023110080466404906,10
ebmap,5,auroc,0.6833292252343008,0.031100878727237647,10
ebmap,5,auroc_ci_hi,0.8766543439405492,0.030411634593974165,10
ebmap,5,auroc_ci_lo,0.2912074565926116,0.062460360251546734,10
ebmap,5,brier,0.22476430395334193,0.006740733085438201,10
ebmap,5,cal_intercept,0.23344734804178557,0.35261493152460854,10
ebmap,5,cal_slope,1.3181426222953716,0.38347736564673,10
ebmap,5,correctness_auroc_epi,0.6058849574611139,0.03735706185328573,10
ebmap,5,correctness_auroc_total,0.6276525713047721,0.025525337477672525,10
ebmap,5,eaurc_epi,0.18656601232899153,0.023027136320940597,10
ebmap,5,ece,0.23044096410004955,0.027915902053622963,10
ebmap,5,elpd,-80.83225006953379,32.370604991149634,10
ebmap,5,epi_ale_spearman,-0.14584608471757204,0.04594235594449994,10
ebmap,5,epi_mean,0.06641300133134678,0.002189078704850031,10
ebmap,5,mlpd,-0.640670034149973,0.014424126192242287,10
ebmap,5,n,131.6,53.602694791296535,10
ebmap,5,n_offsets,2.8,0.19999999999999998,10
ebmap,5,n_pos,70.3,27.655841255611,10
ebmap,5,reliable,0.0,0.0,10
ebmap,5,reliable_frac,0.0,0.0,10
ebmap,10,ale_mean,0.14862271717384673,0.0030166526763821962,8
ebmap,10,auprc,0.7252951618248734,0.036692497145769956,8
ebmap,10,aurc_epi,0.30174659733012044,0.032786082063634224,8
ebmap,10,auroc,0.6975193830051081,0.03663196985536291,8
ebmap,10,auroc_ci_hi,0.8464999221999752,0.028707430450721338,8
ebmap,10,auroc_ci_lo,0.3783599767642958,0.0577822365478511,8
ebmap,10,brier,0.22190812207973643,0.009509935546851603,8
ebmap,10,cal_intercept,0.11611975338171125,0.31754845074097887,8
ebmap,10,cal_slope,1.0002780675043934,0.18439918232362407,8
ebmap,10,correctness_auroc_epi,0.5415752973413155,0.031072437926734378,8
ebmap,10,correctness_auroc_total,0.5832684131656961,0.04381812269527277,8
ebmap,10,eaurc_epi,0.22961681487655522,0.026232074258403924,8
ebmap,10,ece,0.19048009079076728,0.01252597838069315,8
ebmap,10,elpd,-99.45104187209859,38.53242334782522,8
ebmap,10,epi_ale_spearman,-0.04231604865072693,0.09230005077534649,8
ebmap,10,epi_mean,0.05519233967560724,0.0015269939174199288,8
ebmap,10,mlpd,-0.6356891453137457,0.02171657462222287,8
ebmap,10,n,162.75,62.64575860685678,8
ebmap,10,n_offsets,3.0,0.0,8
ebmap,10,n_pos,86.5,32.27283244906951,8
ebmap,10,reliable,0.0,0.0,8
ebmap,10,reliable_frac,0.0,0.0,8
ebmap,20,ale_mean,0.151952770217352,0.0012732996958840083,5
ebmap,20,auprc,0.7736818052381821,0.046441138565402405,5
ebmap,20,aurc_epi,0.21335801349226294,0.019908639293561764,5
ebmap,20,auroc,0.7542111780088935,0.04051272704750508,5
ebmap,20,auroc_ci_hi,0.8097755219998518,0.0336727768029347,5
ebmap,20,auroc_ci_lo,0.5208966910473048,0.026036872120881103,5
ebmap,20,brier,0.19126790252495285,0.008466021226416381,5
ebmap,20,cal_intercept,0.052477766183288144,0.4458199511959285,5
ebmap,20,cal_slope,1.219595531908576,0.18920107323918472,5
ebmap,20,correctness_auroc_epi,0.6229302894369849,0.019378894741515208,5
ebmap,20,correctness_auroc_total,0.6860455524095119,0.02755203218286734,5
ebmap,20,eaurc_epi,0.16143917664533877,0.016022743196728223,5
ebmap,20,ece,0.15254741678631417,0.01721022642988849,5
ebmap,20,elpd,-144.8954381968243,48.418597611837846,5
ebmap,20,epi_ale_spearman,0.22853329510226952,0.03519693188657906,5
ebmap,20,epi_mean,0.04343243824957181,0.001214570815590295,5
ebmap,20,mlpd,-0.5655363515007056,0.020069571300543196,5
ebmap,20,n,250.4,76.59412510108069,5
ebmap,20,n_offsets,3.0,0.0,5
ebmap,20,n_pos,133.0,38.40182287340016,5
ebmap,20,reliable,0.0,0.0,5
ebmap,20,reliable_frac,0.0,0.0,5
ebmap,final,ale_mean,0.15354109837761357,0.00837506467694952,10
ebmap,final,auprc,0.7737900340075254,0.03278522007043884,10
ebmap,final,aurc_epi,0.245058447264084,0.049559596332123354,10
ebmap,final,auroc,0.6975659121192282,0.03738108107128549,10
ebmap,final,auroc_ci_hi,0.8949773079303208,0.029234464387883182,10
ebmap,final,auroc_ci_lo,0.40003964785589285,0.09495817021534216,10
ebmap,final,brier,0.1936550297302787,0.01120147322018891,10
ebmap,final,cal_intercept,0.27892840392273244,0.24521272005600778,10
ebmap,final,cal_slope,1.3317860796780163,0.37791012078108493,10
ebmap,final,correctness_auroc_epi,0.6370104608065227,0.05744333926238257,10
ebmap,final,correctness_auroc_total,0.6746485951287229,0.05834359725519017,10
ebmap,final,eaurc_epi,0.16634310686098647,0.041441795010260955,10
ebmap,final,ece,0.17503455128495454,0.029584503535477286,10
ebmap,final,elpd,-69.97455369154167,29.24860607924819,10
ebmap,final,epi_ale_spearman,0.3033825208121449,0.17311633909624694,10
ebmap,final,epi_mean,0.034972877988974346,0.008531546056553926,10
ebmap,final,mlpd,-0.5697630062582018,0.027171919407311836,10
ebmap,final,n,131.6,53.602694791296535,10
ebmap,final,n_offsets,1.0,0.0,10
ebmap,final,n_pos,70.3,27.655841255611,10
ebmap,final,reliable,0.1,0.09999999999999999,10
ebmap,final,reliable_frac,0.1,0.09999999999999999,10
pooled,0,auprc,0.7625694262493673,0.0503148686498938,10
pooled,0,aurc_total,0.35040197554648894,0.05937472213216031,10
pooled,0,auroc,0.6916841055141562,0.043149823890670694,10
pooled,0,brier,0.2552310054565221,0.02287501155255818,10
pooled,0,cal_intercept,0.2852898377871185,0.3678605951947749,10
pooled,0,cal_slope,1.0883217137156875,0.262035781386278,10
pooled,0,correctness_auroc_total,0.540861740821581,0.04080906533252869,10
pooled,0,eaurc_total,0.23138222660165333,0.034175705830902584,10
pooled,0,ece,0.2815606700732022,0.033472471829425365,10
pooled,0,elpd,-93.89478951150373,39.42677931880987,10
pooled,0,mlpd,-0.7170320319953982,0.05709236608975407,10
pooled,0,n,131.6,53.602694791296535,10
pooled,0,n_offsets,2.8,0.19999999999999998,10
pooled,0,n_pos,70.3,27.655841255611,10
pooled,5,auprc,0.7627555838022059,0.05022883612204036,10
pooled,5,aurc_total,0.3443009332958048,0.06207782625336256,10
pooled,5,auroc,0.6909423468306733,0.04332735258201223,10
pooled,5,brier,0.25399034652801994,0.022464091115491205,10
pooled,5,cal_intercept,0.2810757718116895,0.36814683280965915,10
pooled,5,cal_slope,1.099546968649511,0.2644511643749225,10
pooled,5,correctness_auroc_total,0.5615078802932538,0.04541966847625102,10
pooled,5,eaurc_total,0.22700395794709483,0.037008150914939614,10
pooled,5,ece,0.28018324609733536,0.033171797439725974,10
pooled,5,elpd,-93.57665407516174,39.24681311243032,10
pooled,5,mlpd,-0.713670691160657,0.055639323510116634,10
pooled,5,n,131.6,53.602694791296535,10
pooled,5,n_offsets,2.8,0.19999999999999998,10
pooled,5,n_pos,70.3,27.655841255611,10
pooled,10,auprc,0.7263135404006762,0.054848320393354195,8
pooled,10,aurc_total,0.3189694062800207,0.03539980086175103,8
pooled,10,auroc,0.7121970119058059,0.02864654236317464,8
pooled,10,brier,0.2390717705569214,0.010215527703263972,8
pooled,10,cal_intercept,0.1424758733099136,0.3956507345800001,8
pooled,10,cal_slope,1.1654653983566097,0.2696309721924598,8
pooled,10,correctness_auroc_total,0.5828162504184904,0.030478725298943264,8
pooled,10,eaurc_total,0.2170439522960272,0.02490241556237587,8
pooled,10,ece,0.24563856844572274,0.021553890166104588,8
pooled,10,elpd,-115.02395662270676,46.09369298373962,8
pooled,10,mlpd,-0.6745854067863954,0.023316874246744557,8
pooled,10,n,162.75,62.64575860685678,8
pooled,10,n_offsets,3.0,0.0,8
pooled,10,n_pos,86.5,32.27283244906951,8
pooled,20,auprc,0.6964968928562241,0.08034129621993212,5
pooled,20,aurc_total,0.3446832504471363,0.031405482797068736,5
pooled,20,auroc,0.7182305847634962,0.024417084675781544,5
pooled,20,brier,0.24634884429347345,0.009215176315303827,5
pooled,20,cal_intercept,0.08728416475509522,0.6412280909447263,5
pooled,20,cal_slope,0.972892974218688,0.11611190374321392,5
pooled,20,correctness_auroc_total,0.6121465165839464,0.018047711949687045,5
pooled,20,eaurc_total,0.2335962193991262,0.020978552307897455,5
pooled,20,ece,0.24985709221991753,0.0283800858556134,5
pooled,20,elpd,-177.04220548473126,57.58897418985838,5
pooled,20,mlpd,-0.6923719613704311,0.022552065554595695,5
pooled,20,n,250.4,76.59412510108069,5
pooled,20,n_offsets,3.0,0.0,5
pooled,20,n_pos,133.0,38.40182287340016,5
pooled,final,auprc,0.7684603441090425,0.04862059924058824,10
pooled,final,aurc_total,0.32217419346975584,0.06194828637165314,10
pooled,final,auroc,0.6949083844151,0.04420048691770551,10
pooled,final,brier,0.24430940325662914,0.022131428950412174,10
pooled,final,cal_intercept,0.2867191639068726,0.34959746739450026,10
pooled,final,cal_slope,1.1437162314982545,0.26184803688995245,10
pooled,final,correctness_auroc_total,0.5732996321580187,0.0470881335383975,10
pooled,final,eaurc_total,0.21440681502898537,0.036590633055396886,10
pooled,final,ece,0.2666738764497052,0.03407160981689148,10
pooled,final,elpd,-86.50451578504583,34.96023687277724,10
pooled,final,mlpd,-0.690634153773916,0.05424250574855413,10
pooled,final,n,131.6,53.602694791296535,10
pooled,final,n_offsets,1.0,0.0,10
pooled,final,n_pos,70.3,27.655841255611,10
indep,5,auprc,0.7040925130205838,0.04755992883444168,10
indep,5,aurc_total,0.33742324882652663,0.03382805044646883,10
indep,5,auroc,0.5918461198324129,0.03216562815814236,10
indep,5,brier,0.27383719084961156,0.018232371650944896,10
indep,5,cal_intercept,0.4313124652150983,0.3285099805673967,10
indep,5,cal_slope,0.35267169281270533,0.08712719600624252,10
indep,5,correctness_auroc_total,0.5568069239272673,0.029723856829649283,10
indep,5,eaurc_total,0.22830282131413543,0.020761855482834407,10
indep,5,ece,0.301053289729935,0.030961225037510164,10
indep,5,elpd,-100.70677967270885,40.6452126877946,10
indep,5,mlpd,-0.8235187637890926,0.0498269962797652,10
indep,5,n,131.6,53.602694791296535,10
indep,5,n_offsets,2.8,0.19999999999999998,10
indep,5,n_pos,70.3,27.655841255611,10
indep,10,auprc,0.6689660905970258,0.053168341424608315,8
indep,10,aurc_total,0.3690175774492662,0.03406101293587023,8
indep,10,auroc,0.6252974582886466,0.03272794137920245,8
indep,10,brier,0.29413161437679947,0.01344754495865409,8
indep,10,cal_intercept,0.37247251559434974,0.31502958864969566,8
indep,10,cal_slope,0.21386863105203693,0.09797496059290513,8
indep,10,correctness_auroc_total,0.5774881934742839,0.0343857204995771,8
indep,10,eaurc_total,0.24616750316136177,0.025228461620865793,8
indep,10,ece,0.28756178404089,0.019893538863997095,8
indep,10,elpd,-146.56633902189378,58.10387775281226,8
indep,10,mlpd,-0.9112154814531277,0.04293152079500075,8
indep,10,n,162.75,62.64575860685678,8
indep,10,n_offsets,3.0,0.0,8
indep,10,n_pos,86.5,32.27283244906951,8
indep,20,auprc,0.7014997130984892,0.0708127624967716,5
indep,20,aurc_total,0.28668483694777913,0.021019782670824036,5
indep,20,auroc,0.6790847545012031,0.027834905498286374,5
indep,20,brier,0.2614312095709591,0.012484914425749638,5
indep,20,cal_intercept,0.1675603246829401,0.5096163122553808,5
indep,20,cal_slope,0.3315596365606249,0.048779075621909175,5
indep,20,correctness_auroc_total,0.6239251444441227,0.014162956933100667,5
indep,20,eaurc_total,0.201253068270703,0.014241932690946498,5
indep,20,ece,0.23535252479612107,0.015598354872549357,5
indep,20,elpd,-210.76137488012918,69.58496405522199,5
indep,20,mlpd,-0.8385451723165731,0.04236387322299994,5
indep,20,n,250.4,76.59412510108069,5
indep,20,n_offsets,3.0,0.0,5
indep,20,n_pos,133.0,38.40182287340016,5
indep,final,auprc,0.7524573580346664,0.04301868433472276,10
indep,final,aurc_total,0.23206272497143282,0.04606758566076931,10
indep,final,auroc,0.702765169830158,0.02925317132764036,10
indep,final,brier,0.2178528616287823,0.02450369649562524,10
indep,final,cal_intercept,0.44992559500633267,0.19815256271163792,10
indep,final,cal_slope,0.5502451713883901,0.08580397449148287,10
indep,final,correctness_auroc_total,0.6017967373676337,0.04475198918205453,10
indep,final,eaurc_total,0.16290666823114205,0.028364210115709703,10
indep,final,ece,0.22130128002188756,0.04299747758343153,10
indep,final,elpd,-77.00514955983832,30.155616773166788,10
indep,final,mlpd,-0.672613932406411,0.07325308317126854,10
indep,final,n,131.6,53.602694791296535,10
indep,final,n_offsets,1.0,0.0,10
indep,final,n_pos,70.3,27.655841255611,10
