candidate,n_features,mlpd_mean,mlpd_se,delta_vs_full,se_delta,n_folds
k=1,1,-0.6573154369149016,0.043831645863361385,0.019410513404779527,0.011401224065317628,10
k=2,2,-0.6610741665033939,0.04371856358379348,0.015651783816287134,0.009333906636614939,10
k=3,3,-0.6656037987430327,0.04662588480530973,0.011122151576648476,0.009570373805680885,10
k=4,4,-0.6679099065906876,0.04630827377473242,0.008816043728993483,0.009179975266035709,10
k=5,5,-0.6568480823079451,0.041125102097962135,0.01987786801173593,0.013590167093076751,10
k=6,6,-0.6586489129707725,0.04062661556847208,0.01807703734890841,0.0118027484144774,10
k=8,8,-0.6697708094680447,0.04598417428631987,0.006955140851636343,0.007202707832482127,10
k=10,10,-0.6746799149017877,0.05175311655658646,0.002046035417893466,0.011162285292895795,10
k=12,12,-0.6894946067942647,0.05670948445448679,-0.012768656474583594,0.012994616025936564,10
k=15,15,-0.6805465948641495,0.04915822595995625,-0.003820644544468443,0.008866151620726011,10
k=20,20,-0.6708648620535056,0.04270659019524609,0.005861088266175396,0.007010198193627605,10
k=25,25,-0.6814901087547353,0.048683590108154214,-0.004764158435054145,0.005804211558133125,10
k=30,30,-0.6767438867938005,0.046454287607453584,-1.793647411937327e-05,0.002901504125095925,10
k=40,40,-0.7836606431160321,0.16331889295188873,-0.008851988365445021,0.015082375524111702,3
full,40,-0.6767259503196812,0.044920638947716474,0.0,0.0,10
pip,10,-0.6816550913336796,0.060099766801310926,-0.00492914101399855,0.01713181126398688,10
